clip_id,duration_sec,reference,hypothesis,wer,cer,chrf,hallucination_ratio,is_empty,is_hallucination,script_contamination,repetition_score,punct_f1,delta_wer,no_speech_prob,snr_db,noise_type,acoustic_environment,spontaneous,inference_time_sec,rtf,ser,wer_p50,wer_p90,wer_p95,pct_perfect,pct_catastrophic,wer_ci_low,wer_ci_high,sub_rate,ins_rate,del_rate,throughput_audio_hrs_per_hr,peak_vram_gb,wer_lt5s,wer_5to15s,wer_gt15s
0,4.824,من کمی پنکیک با شربت افرا می خواهم.,من کمی پنجه اچ با شربت افرا می خواهم.,0.2857,0.1515,76.3299,1.1429,0.0,0.0,0.0,0.0,1.0,,,,,,,2.489,0.516,,,,,,,,,,,,,,,,
1,4.896,تو چرا این ریختی شدی؟,چرا این ریختی شدی؟,0.2,0.15,87.579,0.8,0.0,0.0,0.0,0.0,1.0,,,,,,,0.5913,0.1208,,,,,,,,,,,,,,,,
2,3.768,تاریخ انقضا چیست؟,تاریخ انقضا چیست؟,0.0,0.0,100.0,1.0,0.0,0.0,0.0,0.0,1.0,,,,,,,0.5822,0.1545,,,,,,,,,,,,,,,,
3,3.864,برای آن بر می گردم.,برای آن بر می گردم.,0.0,0.0,100.0,1.0,0.0,0.0,0.0,0.0,1.0,,,,,,,0.5836,0.151,,,,,,,,,,,,,,,,
4,8.016,روش بعدى اینه كه شما ماشین رو از دم قسط میخرید و با پایان اقساط ماشین مال خود شماست،,روش بعدی اینی که شما ماشین را از دمقص میخرید و با پایان افساد ماشین مال خود شما است,0.4444,0.122,69.7485,1.0556,0.0,0.0,0.0,0.0,0.0,,,,,,,1.7658,0.2203,,,,,,,,,,,,,,,,
5,9.072,هیچ توری به زبان استونی وجود دارد؟,دیج توری به زبان استونی وجود دارد؟,0.1429,0.0606,88.3124,1.0,0.0,0.0,0.0,0.0,1.0,,,,,,,0.8388,0.0925,,,,,,,,,,,,,,,,
6,4.584,کجا می توانم از مدارکم کپی بگیرم؟,کجا میتوانم از مدارکم کپی بگیرم؟,0.0,0.0,100.0,1.0,0.0,0.0,0.0,0.0,1.0,,,,,,,0.99,0.216,,,,,,,,,,,,,,,,
7,6.744,عمل آوردن سریع هوش احساسی کار سختی است,عمل آوردن طریع حوش استاتیز کار سختی است,0.375,0.1579,53.9878,1.0,0.0,0.0,0.0,0.0,1.0,,,,,,,0.9176,0.1361,,,,,,,,,,,,,,,,
8,5.508,راهی به ابدیت شهرت، راهی برای شهرت جاودان,راهی به اولیت شهرت، راهی برای شهرت جاودان,0.125,0.05,84.8841,1.0,0.0,0.0,0.0,0.0,1.0,,,,,,,1.0315,0.1873,,,,,,,,,,,,,,,,
9,4.416,ممکن است لطفاً باتری را شارژ کنید؟,امکن است لطفا بازی را شارج کنید؟,0.4286,0.125,61.7437,1.0,0.0,0.0,0.0,0.0,1.0,,,,,,,0.9141,0.207,,,,,,,,,,,,,,,,
10,5.376,اماخب من سهمیه بندیش رو هرازگاهی زیاد میکنم,اما خود من سهمیه بندیش به هر ازگاهی زیاد میکنم,0.625,0.1395,76.544,1.25,0.0,0.0,0.0,0.0,1.0,,,,,,,1.1408,0.2122,,,,,,,,,,,,,,,,
11,3.024,دوست داری با کی بخوابی,دوست داری با کیو بخوابی؟,0.2,0.0455,81.3873,1.0,0.0,0.0,0.0,0.0,0.0,,,,,,,0.7854,0.2597,,,,,,,,,,,,,,,,
12,6.144,دیگه داشتم طعم واقعی زمستون رو فراموش میکردم که این برف خوشگل اومد,دیگه داشتم طعم واقعی زمستون رو فراموش میکردم که این برف خوشگل اومد,0.0,0.0,100.0,1.0,0.0,0.0,0.0,0.0,1.0,,,,,,,1.5691,0.2554,,,,,,,,,,,,,,,,
13,5.832,و آنها را توانمند ساخت تا دارای صدا شوند,و آنها را توانمند ساخت تا دارای صدا شوند.,0.0,0.0,100.0,1.0,0.0,0.0,0.0,0.0,0.0,,,,,,,0.9983,0.1712,,,,,,,,,,,,,,,,
14,8.064,لابد دلیلی دارم، مریض که نیستم همین جوری صدایش را بالا می برد هوار بکشم.,لاباد دلیلی دارم. مریض که نیستم. همین جوری صدایش را بالا میبرد. حوار بکیشم,0.2143,0.0435,86.0572,1.0,0.0,0.0,0.0,0.0,0.4,,,,,,,1.7833,0.2211,,,,,,,,,,,,,,,,
15,5.544,پرواز چقدر طول میکشد؟,پرواز چه قدر طول میکشد؟,0.5,0.1,79.9974,1.25,0.0,0.0,0.0,0.0,1.0,,,,,,,0.7112,0.1283,,,,,,,,,,,,,,,,
16,4.704,صدام بزن که مریض صداتم,صدا می بزن که مریض صدا داد,0.8,0.2727,68.8879,1.2,0.0,0.0,0.0,0.0,1.0,,,,,,,0.6992,0.1486,,,,,,,,,,,,,,,,
17,7.344,در تمام بخشهای اجتماع، از آب و هوا تا قراردادهای تجاری؟,در تمام بخشهای اجتماع، از آب و هوا تا قراردادهای تجاری,0.0,0.0,100.0,1.0,0.0,0.0,0.0,0.0,0.6667,,,,,,,1.3547,0.1845,,,,,,,,,,,,,,,,
18,6.456,همه این فناوری مدرن در حال فرستادن سیگنالهای قوی است,همهی این فناوری مدرن در حال فرستادن سیگنالهای قوی است,0.1,0.0192,94.4755,1.0,0.0,0.0,0.0,0.0,1.0,,,,,,,1.2894,0.1997,,,,,,,,,,,,,,,,
19,6.144,بسیاری اوقات میبینیم مردم پیامهای فیسبوکی میآورند,بسیاری اوقات میبینیم مردم پیامهای فیسبوکی میآوردند,0.1429,0.0204,95.7516,1.0,0.0,0.0,0.0,0.0,1.0,,,,,,,1.3294,0.2164,,,,,,,,,,,,,,,,
20,3.864,پس بدون کافئين مي خورم,پس بدون خوافهای میخورم,0.25,0.2381,46.4249,1.0,0.0,0.0,0.0,0.0,1.0,,,,,,,0.6278,0.1625,,,,,,,,,,,,,,,,
21,3.216,من یک تکه پای سیب میخواهم.,من یک لکن پایسید می خواهم.,0.5,0.16,48.0811,0.8333,0.0,0.0,0.0,0.0,1.0,,,,,,,0.7703,0.2395,,,,,,,,,,,,,,,,
22,3.984,من فقط دو لیوان خوردم,من فقط دو لیوان خوردم.,0.0,0.0,100.0,1.0,0.0,0.0,0.0,0.0,0.0,,,,,,,0.6257,0.1571,,,,,,,,,,,,,,,,
23,4.176,خیلی خیلی به درد بخوره,خیلی خیلی به درد بخوره,0.0,0.0,100.0,1.0,0.0,0.0,0.0,0.0,1.0,,,,,,,0.7264,0.174,,,,,,,,,,,,,,,,
24,6.024,و شما را از دریافت پوششهای بیمهای در آینده باز میدارد,و شما را از دریافت پوششهای بیمهی در آینده باز میدارد,0.0909,0.0189,91.6165,1.0,0.0,0.0,0.0,0.0,1.0,,,,,,,1.3362,0.2218,,,,,,,,,,,,,,,,
25,3.696,به خاطر مراقبت نامناسب,به خاطر مرغبت نامناسف,0.5,0.1364,66.0021,1.0,0.0,0.0,0.0,0.0,1.0,,,,,,,0.6769,0.1832,,,,,,,,,,,,,,,,
26,5.856,سینه مرغ را با کمی نمک وزردچوبه وپیاز رنده شده بپزید,سینهی مرغ را با کمی نمک و زرجوبه و پیاز رنده شده بپزید.,0.4545,0.0962,82.3206,1.1818,0.0,0.0,0.0,0.0,0.0,,,,,,,1.4524,0.248,,,,,,,,,,,,,,,,
27,2.616,بِشارت,بشارت,0.0,0.0,100.0,1.0,0.0,0.0,0.0,0.0,1.0,,,,,,,0.3112,0.1189,,,,,,,,,,,,,,,,
28,6.384,ولی لعنتی خیلی زرنگ بود، اول رفت قم,ولی لعنتی خیلی زرنگ بود، اول رفت قوم,0.125,0.0294,95.7311,1.0,0.0,0.0,0.0,0.0,1.0,,,,,,,0.9451,0.148,,,,,,,,,,,,,,,,
29,3.624,آیسوده,آیسوده,0.0,0.0,100.0,1.0,0.0,0.0,0.0,0.0,1.0,,,,,,,0.3804,0.105,,,,,,,,,,,,,,,,
30,4.224,چه جوری شناختیش دست مریزاد,چه جوری شناختیش دست مریضات,0.5,0.12,85.2534,1.25,0.0,0.0,0.0,0.0,1.0,,,,,,,0.7187,0.1701,,,,,,,,,,,,,,,,
31,4.584,تو کی رفتی بانک اسپرم,تو کی رفتی بانک اسبرم؟,0.2,0.0476,82.0187,1.0,0.0,0.0,0.0,0.0,0.0,,,,,,,0.6062,0.1322,,,,,,,,,,,,,,,,
32,6.948,حاضر بودم پنج دلار برای آن نقاشی بدهم ولی او روی دستم بلند شد.,حاضر بودم پنج دلار برای آن نقاشی بدهم ولی او روی دستم بلند شد.,0.0,0.0,100.0,1.0,0.0,0.0,0.0,0.0,1.0,,,,,,,1.4514,0.2089,,,,,,,,,,,,,,,,
33,4.344,آیا گیلاس ها تخفیف دارند امروز؟,آیا گیلاسا تقفیف دارند امروز؟,0.4,0.069,73.0334,1.0,0.0,0.0,0.0,0.0,1.0,,,,,,,0.8607,0.1981,,,,,,,,,,,,,,,,
34,5.784,خلاصه آن سال برایم تمرین عملی دزدی حرفه ای بود,خلاصه آن سال برایم تمرین عملی دزدی حرفهای بود.,0.0,0.0,100.0,1.0,0.0,0.0,0.0,0.0,0.0,,,,,,,1.1029,0.1907,,,,,,,,,,,,,,,,
35,4.464,بنابراین من کاری که طبیعی بود انجام دادم,بنابرای این من کاری که طبیعی بود انجام نادام.,0.375,0.125,84.2561,1.125,0.0,0.0,0.0,0.0,0.0,,,,,,,1.0305,0.2309,,,,,,,,,,,,,,,,
36,3.816,دو استایل متفاوت دارین,تو بسطر ل متفاوت داری,1.0,0.2727,54.9432,1.25,0.0,0.0,0.0,0.0,1.0,,,,,,,0.6335,0.166,,,,,,,,,,,,,,,,
37,6.984,او از دیگران عقب ماند چون کفشهایش پاهایش را میزد.,او از دیگران عقب ماند چون کپچهایش پاهایش را میزد.,0.1,0.0417,87.4244,1.0,0.0,0.0,0.0,0.0,1.0,,,,,,,1.2572,0.18,,,,,,,,,,,,,,,,
38,5.04,امروز میخوام برم دوستمو ببینم,امروز می خوام برم دوستمو ببینم,0.0,0.0,100.0,1.0,0.0,0.0,0.0,0.0,1.0,,,,,,,0.7844,0.1556,,,,,,,,,,,,,,,,
39,5.544,تا آبجو، شراب و سایر نوشیدنیهای الکلی را خلق کند,تا آبجو، جراب و سایر نوشیدنیهای الهولی را حل کنند,0.4,0.1277,66.072,1.0,0.0,0.0,0.0,0.0,1.0,,,,,,,1.2969,0.2339,,,,,,,,,,,,,,,,
40,2.556,گیره جوراب,گیره جوگاب,0.5,0.1,56.0053,1.0,0.0,0.0,0.0,0.0,1.0,,,,,,,0.4528,0.1772,,,,,,,,,,,,,,,,
41,6.816,ببخشید تو رو خدا دیر کردیم. تقصیر من شد دو ساعت گشتیم اخرم اون چیزی که می خواستیم نبود,بخشید تو رو خدا دیر کردیم تاغذیر من شد دو ساعت گشتیم آخرم اون چیزی که می خواستیم نبود,0.1667,0.0595,86.1451,1.0,0.0,0.0,0.0,0.0,0.0,,,,,,,2.0056,0.2942,,,,,,,,,,,,,,,,
42,3.864,مسلما اونکارو می کنیم,مسلما اون کارو میکنیم,0.6667,0.05,100.0,1.3333,0.0,0.0,0.0,0.0,1.0,,,,,,,0.6332,0.1639,,,,,,,,,,,,,,,,
43,3.276,حاکمیت سیاسی,حاکمیت سیاسی,0.0,0.0,100.0,1.0,0.0,0.0,0.0,0.0,1.0,,,,,,,0.5084,0.1552,,,,,,,,,,,,,,,,
44,3.984,پس خیال می کردی چه جوری باشه؟,پس خیال میکردی چه جودی باشه؟,0.1667,0.037,81.1344,1.0,0.0,0.0,0.0,0.0,1.0,,,,,,,0.796,0.1998,,,,,,,,,,,,,,,,
45,3.264,!تو اصلا منو نمی شناسی,تو اصلاً منا نمیشناسی,0.25,0.05,74.0974,1.0,0.0,0.0,0.0,0.0,0.0,,,,,,,0.671,0.2056,,,,,,,,,,,,,,,,
46,3.456,اینطوری بیشتر حال میده,اینطوری بیشتر حال میده,0.0,0.0,100.0,1.0,0.0,0.0,0.0,0.0,1.0,,,,,,,0.7022,0.2032,,,,,,,,,,,,,,,,
47,5.376,نیلوفر گریان:خوبه,نین و فر گریان خوبه,1.0,0.1765,78.9497,1.6667,0.0,0.0,0.0,0.0,0.0,,,,,,,0.5451,0.1014,,,,,,,,,,,,,,,,
48,8.184,متوجه شد کیسه ای زیر ان سنگ در زمین فرو رفته است,متوجه شد کیسهی زیر آن سنگ در زمین فرو رفته است,0.3,0.0652,80.1517,1.1,0.0,0.0,0.0,0.0,1.0,,,,,,,1.1443,0.1398,,,,,,,,,,,,,,,,
49,8.448,نمایشگاه های ماشینم ماشینای خودشون رو خارج کرده بودن,نماجگاههای ماشینم ماشینهای خودشون رو خارج کرده بودند.,0.375,0.0784,83.6333,1.0,0.0,0.0,0.0,0.0,0.0,,,,,,,1.2175,0.1441,,,,,,,,,,,,,,,,
50,5.304,کی اشکاتو پاک میکنه شبا که غصه داری,کی عشقاتو پاک میکنه شباک غصه داری,0.375,0.1143,69.0042,0.875,0.0,0.0,0.0,0.0,1.0,,,,,,,0.9465,0.1784,,,,,,,,,,,,,,,,
51,5.184,به دست آوردن توسعهدهنده مجانی برای ابزار,به دست آوردن توصیح دند یه مجانی برای ابزار,0.4286,0.175,71.4324,1.2857,0.0,0.0,0.0,0.0,1.0,,,,,,,1.061,0.2047,,,,,,,,,,,,,,,,
52,10.056,شما به چی مشکوک نیستی؟,شما به چی مشغوک نیستی؟,0.2,0.0476,74.0974,1.0,0.0,0.0,0.0,0.0,1.0,,,,,,,0.6438,0.064,,,,,,,,,,,,,,,,
53,5.076,به برنامهی هر روزی و یکنواخت عادت کردن,به برنامهی هر روزی و یکنواخت عادت کردن,0.0,0.0,100.0,1.0,0.0,0.0,0.0,0.0,1.0,,,,,,,1.092,0.2151,,,,,,,,,,,,,,,,
54,5.076,برخی از درخشانترین جوانان پراستعداد این کشور,برخی از درخشانترین جوانان پرستهیداد این کشور,0.1429,0.0682,82.7429,1.0,0.0,0.0,0.0,0.0,1.0,,,,,,,1.1298,0.2226,,,,,,,,,,,,,,,,
55,6.864,ایرنا نوشت: شبکه تلویزیونی الجزیره اعلام کرد که قطر قصد دارد از سازمان کشورهای صادرکننده نفت (اوپک) خارج شود,ایرنانوشت شبکهی تلویزیونی الیزیره اعلام کرد که قطع قصد دارد از سازمان کشورهای صادرکنندهی نفت و پیک خارج شود,0.4211,0.0762,79.884,1.0,0.0,0.0,0.0,0.0,0.0,,,,,,,2.546,0.3709,,,,,,,,,,,,,,,,
56,6.264,فکر کردید که واقعا این حال من رو بهتر می کنه؟,فکر کردید که واقعاً این حال من رو بهتر میکنه؟,0.0,0.0,100.0,1.0,0.0,0.0,0.0,0.0,1.0,,,,,,,1.1205,0.1789,,,,,,,,,,,,,,,,
57,4.56,کجا می توانم پارک کنم؟,کجا میتوانم پارک کنم؟,0.0,0.0,100.0,1.0,0.0,0.0,0.0,0.0,1.0,,,,,,,0.6726,0.1475,,,,,,,,,,,,,,,,
58,4.464,آن را بسیار دوست دارم.,آن را بسیار دوست دارم.,0.0,0.0,100.0,1.0,0.0,0.0,0.0,0.0,1.0,,,,,,,0.6674,0.1495,,,,,,,,,,,,,,,,
59,3.384,خویش فرما هستم.,خویش فرمان هستم.,1.0,0.1538,70.2937,1.5,0.0,0.0,0.0,0.0,1.0,,,,,,,0.5709,0.1687,,,,,,,,,,,,,,,,
60,3.96,شرابی که طعم میوه دارد,شرابی که طعمی میوه دارد,0.2,0.0455,81.3873,1.0,0.0,0.0,0.0,0.0,1.0,,,,,,,0.644,0.1626,,,,,,,,,,,,,,,,
61,7.176,شاید وقتش رسیده که عامدانهتر دربارهٔ چگونگی همکاری جمعی عمل کنیم,چون از وقتش رسیده که آمدانه تر دربارهی چگونهگی همکاری جمعی عمل کنیم,0.4545,0.1587,73.2909,1.0909,0.0,0.0,0.0,0.0,1.0,,,,,,,1.732,0.2414,,,,,,,,,,,,,,,,
62,4.428,ابراهیم تصمیم گرفت سیگار را ترک کند.,ابراهیم تصمیم گرفت سیگار را ترج کند.,0.1429,0.0286,88.3744,1.0,0.0,0.0,0.0,0.0,1.0,,,,,,,1.0135,0.2289,,,,,,,,,,,,,,,,
63,4.704,آیا می توانم از فلاش استفاده کنم؟,آیا می توانم از فلاش استفاده کنم؟,0.0,0.0,100.0,1.0,0.0,0.0,0.0,0.0,1.0,,,,,,,0.8433,0.1793,,,,,,,,,,,,,,,,
64,4.176,اول بچش بعد بگو بی نمکه,اول به چشم بعد به بوبی نمکه,0.6667,0.3043,48.8675,1.1667,0.0,0.0,0.0,0.0,1.0,,,,,,,0.6874,0.1646,,,,,,,,,,,,,,,,
65,3.996,پول را به عنف از او گرفتند.,پول را به انف از او گرفتند.,0.1429,0.0385,78.8379,1.0,0.0,0.0,0.0,0.0,1.0,,,,,,,0.721,0.1804,,,,,,,,,,,,,,,,
66,3.264,بهت گفته بود چاق گرفتی,بهت گفته بود چاق گرفتی,0.0,0.0,100.0,1.0,0.0,0.0,0.0,0.0,1.0,,,,,,,0.672,0.2059,,,,,,,,,,,,,,,,
67,6.264,این یه هفته ای که گذشت اصلا قشنگ نبود,این یه هفتهی که گذشت اصلا قشنگ نبود,0.125,0.0278,86.9745,1.0,0.0,0.0,0.0,0.0,1.0,,,,,,,0.989,0.1579,,,,,,,,,,,,,,,,
68,6.4,بخصوص اگر این دوچرخه اول شما است، زیاد هزینه نکنید.,به خصوص اگر این دوچرخهی اول شما است زیاد هزینه نکنید,0.3,0.0612,89.8976,1.1,0.0,0.0,0.0,0.0,0.0,,,,,,,1.3394,0.2093,,,,,,,,,,,,,,,,
69,5.256,کارکنان از آنها حمایت نمیکنند,کارکنان از آنها حمایت نمیکنند.,0.0,0.0,100.0,1.0,0.0,0.0,0.0,0.0,0.0,,,,,,,0.8176,0.1556,,,,,,,,,,,,,,,,
70,2.904,من وزنم رو بالا بردم؟,من وزنم رو بالا بردم.,0.0,0.0,100.0,1.0,0.0,0.0,0.0,0.0,0.0,,,,,,,0.6087,0.2096,,,,,,,,,,,,,,,,
71,3.096,او چیزی ندزدیده است.,او چیزی ندزدیده است.,0.0,0.0,100.0,1.0,0.0,0.0,0.0,0.0,1.0,,,,,,,0.6779,0.219,,,,,,,,,,,,,,,,
72,4.08,باهوشو سالم و ورزشکاره,با حوش و سالم و ورزشکاره,0.75,0.1364,84.3,1.5,0.0,0.0,0.0,0.0,1.0,,,,,,,0.7089,0.1738,,,,,,,,,,,,,,,,
73,4.944,آیا ممکن است یک پتو برای من بیاورید؟,مدرسه,1.0,0.9429,3.4188,0.125,0.0,0.0,0.0,0.0,0.0,,,,,,,0.3566,0.0721,,,,,,,,,,,,,,,,
74,8.304,همچنان زمین، وظایف و خدمات اکوسیستمی را برای ما انجام میدهد,همچنان زمین و ضایف و خدمات اکوسیستمی را برای ما انجام میدهد,0.1818,0.0345,92.1556,1.0909,0.0,0.0,0.0,0.0,0.0,,,,,,,1.4144,0.1703,,,,,,,,,,,,,,,,
75,4.176,سازمان حج و زیارت,سازمان حج و زیارت,0.0,0.0,100.0,1.0,0.0,0.0,0.0,0.0,1.0,,,,,,,0.5593,0.1339,,,,,,,,,,,,,,,,
76,3.456,باغ می خواهید؟,باغ می خوای؟,0.5,0.1667,67.9676,1.0,0.0,0.0,0.0,0.0,1.0,,,,,,,0.4542,0.1314,,,,,,,,,,,,,,,,
77,5.376,دیر بجنبین میره توله هاشم میاره ها. نگی نگفت.,دیر به جنبین میره طوله هاشم میاره ها، نگی نگفت,0.375,0.0714,80.9916,1.125,0.0,0.0,0.0,0.0,0.0,,,,,,,1.1846,0.2203,,,,,,,,,,,,,,,,
78,5.064,کسی خواهد آمد و به شما کمک می کند.,چسی خواهد آمد و به شما کمک میکند؟,0.125,0.0312,95.5297,1.0,0.0,0.0,0.0,0.0,0.0,,,,,,,0.8865,0.1751,,,,,,,,,,,,,,,,
79,6.156,به درستی که او به آن اعمال غیرمنصفانه اعتراف کرد.,به درستی که او به آن اعمال غیر منصفانه اعتراف کرد,0.2,0.0208,100.0,1.1,0.0,0.0,0.0,0.0,0.0,,,,,,,1.1937,0.1939,,,,,,,,,,,,,,,,
80,9.504,جسد مزبور را در بیشهای که در گودی کوهستان قرار دارد پیدا کردم,جسد مزبور را در بیشهای که در گودی کوهستان قرار دارد پیدا کردن,0.0769,0.0164,97.8466,1.0,0.0,0.0,0.0,0.0,1.0,,,,,,,1.4764,0.1553,,,,,,,,,,,,,,,,
81,5.568,به من بگین اگه چیزی خواستین واسه اقا اسفندیار.,به من بگین اگه چیزی خواستین واسه آقا اسفندیار,0.1111,0.0222,89.584,1.0,0.0,0.0,0.0,0.0,0.0,,,,,,,1.1055,0.1985,,,,,,,,,,,,,,,,
82,4.344,برف سفید است.,ورف سپید است.,0.6667,0.1667,40.3175,1.0,0.0,0.0,0.0,0.0,1.0,,,,,,,0.4583,0.1055,,,,,,,,,,,,,,,,
83,6.696,ردههای پایین تر دیوان سالاری دولتی,ردههای پانیلتر، دیوانسابقهی دورتی,0.75,0.1875,52.8064,1.0,0.0,0.0,0.0,0.0,0.0,,,,,,,1.0181,0.152,,,,,,,,,,,,,,,,
84,3.696,جمعیت آمریکا را تصور کنید,جمعیت امریکا را تصور کنی؟,0.4,0.08,75.411,1.0,0.0,0.0,0.0,0.0,0.0,,,,,,,0.7831,0.2119,,,,,,,,,,,,,,,,
85,3.144,هر عذرخواهی چهار قدم دارد,هر اتخایی چهار قدم دارد.,0.2,0.2,56.1442,1.0,0.0,0.0,0.0,0.0,0.0,,,,,,,0.7449,0.2369,,,,,,,,,,,,,,,,
86,2.628,شعر پوچ,شعر پوچ,0.0,0.0,100.0,1.0,0.0,0.0,0.0,0.0,1.0,,,,,,,0.3973,0.1512,,,,,,,,,,,,,,,,
87,5.304,بعد اینکه وسایلاتون انداختین پایین,بعد اینکه وسایلتونو انداختید پایین,0.4,0.0882,66.13,1.0,0.0,0.0,0.0,0.0,1.0,,,,,,,0.9354,0.1764,,,,,,,,,,,,,,,,
88,3.984,از خودم خیلی بدم میاد,از خودم خیلی بدم میاد.,0.0,0.0,100.0,1.0,0.0,0.0,0.0,0.0,0.0,,,,,,,0.6203,0.1557,,,,,,,,,,,,,,,,
89,4.5,افکار خود را متوجه امور الهی بکن.,افکار خود را متوجه امور الهی بگو,0.1429,0.0625,91.444,1.0,0.0,0.0,0.0,0.0,0.0,,,,,,,0.817,0.1816,,,,,,,,,,,,,,,,
90,3.384,که هیچ وقت این رو نگین,که هیچوقت این رو نگین,0.3333,0.0455,100.0,0.8333,0.0,0.0,0.0,0.0,1.0,,,,,,,0.6545,0.1934,,,,,,,,,,,,,,,,
91,3.456,آیا تو دوست دانیل هستی؟,آیا تو دوست دانیل هستی؟,0.0,0.0,100.0,1.0,0.0,0.0,0.0,0.0,1.0,,,,,,,0.6804,0.1969,,,,,,,,,,,,,,,,
92,3.264,الان ندارم,الان ندارم.,0.0,0.0,100.0,1.0,0.0,0.0,0.0,0.0,0.0,,,,,,,0.4356,0.1335,,,,,,,,,,,,,,,,
93,4.704,آیا تصاویری از منظره های این منطقه دارید؟,آیا تصاویری از منظرههای این منطقه دارید؟,0.0,0.0,100.0,1.0,0.0,0.0,0.0,0.0,1.0,,,,,,,1.1031,0.2345,,,,,,,,,,,,,,,,
94,6.216,مدرکی که حتی ناباوری مثل من هم نمیتواند از آن هیچ ایرادی بگیرد,مدرکی که حتی ناباوری مثل من هم نمیتواند از آن هیچ ایرادی بگیرد,0.0,0.0,100.0,1.0,0.0,0.0,0.0,0.0,1.0,,,,,,,1.6203,0.2607,,,,,,,,,,,,,,,,
95,3.504,اون هنوز متوجه نشده,اون هنوز متوجه نشده,0.0,0.0,100.0,1.0,0.0,0.0,0.0,0.0,1.0,,,,,,,0.5956,0.17,,,,,,,,,,,,,,,,
96,5.136,قابل توجه مردان و بانوان سرزمینم,با فعل توجه مردان و با نوان سرزمینم,1.0,0.1935,88.2077,1.6,0.0,0.0,0.0,0.0,1.0,,,,,,,0.9396,0.183,,,,,,,,,,,,,,,,
97,4.608,لطفاً این را بیمه کنید، لطفا.,لطفاً این را بیمه کنید، لطفاً.,0.0,0.0,100.0,1.0,0.0,0.0,0.0,0.0,1.0,,,,,,,0.9818,0.2131,,,,,,,,,,,,,,,,
98,5.544,آنان که با اشکها میکارند با فریاد شادی درو خواهند کرد,آنان که با عشقها میکارند با فریاد شادی درو خواهند کرد.,0.0909,0.0377,86.6048,1.0,0.0,0.0,0.0,0.0,0.0,,,,,,,1.2694,0.229,,,,,,,,,,,,,,,,
99,3.984,ببین ، خیلی ازت ممنونم,ببین، خیلی ازت ممنونم.,0.0,0.0,100.0,1.0,0.0,0.0,0.0,0.0,0.6667,,,,,,,0.7297,0.1831,,,,,,,,,,,,,,,,
100,10.056,این سه نفر، برای KGB کار میکردند و سپس به دولت آمریکا پناهنده شدند,این سه نفر برای KGB کار میکردند و سپس به دولت امریکا پناهنده شدند.,0.0714,0.0154,92.8016,1.0,0.0,0.0,0.0577,0.0,0.0,,,,,,,1.5111,0.1503,,,,,,,,,,,,,,,,
101,4.104,برید پایین، زود باشین,برید پایین، سود باشید.,0.5,0.1,67.1029,1.0,0.0,0.0,0.0,0.0,0.6667,,,,,,,0.6892,0.1679,,,,,,,,,,,,,,,,
102,4.896,میتونم باهات صحبت کنم؟,می توانم با هات صحبت کنم؟,0.75,0.0952,82.6499,1.25,0.0,0.0,0.0,0.0,1.0,,,,,,,0.8045,0.1643,,,,,,,,,,,,,,,,
103,6.864,اما اگر واقعاً سختتر پیش برویم؟,اما اگر واقعا سختتر پیش برویم,0.0,0.0,100.0,1.0,0.0,0.0,0.0,0.0,0.0,,,,,,,0.8649,0.126,,,,,,,,,,,,,,,,
104,4.776,پاسخی هم ندارد و همهاش حس طردشدگی میکند,پاسخی هم ندارد و هنوش حس ترت شدگی میپوکند.,0.5,0.2051,56.8716,1.125,0.0,0.0,0.0,0.0,0.0,,,,,,,1.1462,0.24,,,,,,,,,,,,,,,,
105,3.216,براشون همیشگی باشه.,برا شون همیشگی باشه,0.6667,0.0556,100.0,1.3333,0.0,0.0,0.0,0.0,0.0,,,,,,,0.6321,0.1966,,,,,,,,,,,,,,,,
106,6.336,اما محض اطلاع اگه دفعه بعد خواست بیاد این تو، گوشیشو ازش بگیرین.,اما محض اطلاع، اگر دفعه بدخواست بیادین تو گوشش را ازش بگیرین,0.5385,0.1452,66.9803,0.9231,0.0,0.0,0.0,0.0,0.6667,,,,,,,1.4892,0.235,,,,,,,,,,,,,,,,
107,4.704,تمام زيرش پر چسب هستش,تمام زیرش پره چسب هستش,0.2,0.0476,79.9974,1.0,0.0,0.0,0.0,0.0,1.0,,,,,,,0.6689,0.1422,,,,,,,,,,,,,,,,
108,3.696,روشهایی از تقلید طبیعی است,روشهای از تقلید طبیعی است,0.2,0.0385,86.4303,1.0,0.0,0.0,0.0,0.0,1.0,,,,,,,0.7776,0.2104,,,,,,,,,,,,,,,,
109,5.184,بهترین برخورد با كسی كه اشغال می ندازه بیرون,بهترین برخورد با کسی که آشغال میاندازه بیرون,0.25,0.0465,81.4994,1.0,0.0,0.0,0.0,0.0,1.0,,,,,,,1.1802,0.2277,,,,,,,,,,,,,,,,
110,4.464,یه خورده از شکلاتمو بهش دادم,یا خورده از شکلاتمان بهش دادم,0.3333,0.1071,72.3038,1.0,0.0,0.0,0.0,0.0,1.0,,,,,,,0.7817,0.1751,,,,,,,,,,,,,,,,
111,3.384,من سوسیس میخواستم.,من سوسیز می خواستم.,0.3333,0.0588,69.5305,1.0,0.0,0.0,0.0,0.0,1.0,,,,,,,0.5533,0.1635,,,,,,,,,,,,,,,,
112,6.456,حالا منتظر دو بازی بعدمون با اسپانیا و پرتغالیم و امید به صعود داریم,حالا منتظر دو بازی بعدمون با اسپانیو و پرتغالیم و امید به سعود داریم.,0.1429,0.0294,86.4405,1.0,0.0,0.0,0.0,0.0,0.0,,,,,,,1.5901,0.2463,,,,,,,,,,,,,,,,
113,5.856,دارویی که انبار می شود و بیمار نیازمند به آن می میرد,دارویی که انبار میشود و بیمار نیازمند به آن میمیرد,0.0,0.0,100.0,1.0,0.0,0.0,0.0,0.0,1.0,,,,,,,1.2203,0.2084,,,,,,,,,,,,,,,,
114,7.104,زیبایان نمیتوانند خود را بپوشانند.زیبایی نور است و پنهان نمیماند,زیبایان نمیتوان خود را بپوشاند. زیبایی نور است و قناع نمیماند.,0.2727,0.0938,72.9199,1.0,0.0,0.0,0.0,0.0,0.6667,,,,,,,1.5819,0.2227,,,,,,,,,,,,,,,,
115,4.824,نمی تونم دیگه برم خرید,نمیتوانم دیگه برام خرید,0.5,0.0952,63.2847,1.0,0.0,0.0,0.0,0.0,1.0,,,,,,,0.7482,0.1551,,,,,,,,,,,,,,,,
116,6.984,مثل ماها نمیتونن حرف بزنن و بگن چششون شده،خیلی مظلوم و بی دفاعن,مثه ماها نمیتونن حرف بزنن و بگن چشون شده خیلی معظوم و بیدفان,0.3571,0.0952,76.7626,0.9286,0.0,0.0,0.0,0.0,0.0,,,,,,,1.4848,0.2126,,,,,,,,,,,,,,,,
117,7.944,صحرای غربی منطقهای است در شمال غرب آفریقا و جنوب کشور مراکش,سحرای غربی منطقی است در شمال غرب آفریقا و جنوب کشور مراکش,0.1667,0.0508,88.5318,1.0,0.0,0.0,0.0,0.0,1.0,,,,,,,1.3715,0.1726,,,,,,,,,,,,,,,,
118,6.336,پست اینستاگرامی جالب امیرمهدی ژوله درباره ریزش قیمت دلار,پست اینستگرامی جالب امیرمدی شوله دربارهی فیزش قیمت دلار,0.5556,0.0893,71.2244,1.0,0.0,0.0,0.0,0.0,1.0,,,,,,,1.4286,0.2255,,,,,,,,,,,,,,,,
119,5.496,که ما با واقعیت قطع رابطه کنیم و منظورشان از حقیقت شعر بود,که ما با واقعیت قطع رابطه کنیم و منظورشان از حقیقت شعر بود,0.0,0.0,100.0,1.0,0.0,0.0,0.0,0.0,1.0,,,,,,,1.4271,0.2597,,,,,,,,,,,,,,,,
120,3.624,خوشحالم که با من میائی,خوشحالم که با من میآیی,0.2,0.0909,81.3311,1.0,0.0,0.0,0.0,0.0,1.0,,,,,,,0.6978,0.1925,,,,,,,,,,,,,,,,
121,2.832,قرقاول دوست دارم.,قرقاول دوست دارم.,0.0,0.0,100.0,1.0,0.0,0.0,0.0,0.0,1.0,,,,,,,0.5512,0.1946,,,,,,,,,,,,,,,,
122,8.904,صدای فریاد خوشحالی داداشم تو گوشمه خودمم خیلی داد زدم و اونقدر دست زدم دستام سرخ شد,صدای فریاد خوشحالی داداشم تو گوشمه خودمم خیلی داد زدم و اونقدر دست زدم دستام صبح شد,0.0588,0.0361,92.9927,1.0,0.0,0.0,0.0,0.0,1.0,,,,,,,1.8272,0.2052,,,,,,,,,,,,,,,,
123,7.944,یکی می گفت اگه با یه عکس تو مجازی عاشق شدی دلستر نخور مست میشی,یکی میگفت اگه با یه عکس مجازی عاشق شدی دلستر نخورد نست میشد,0.2857,0.0984,80.2613,0.9286,0.0,0.0,0.0,0.0,1.0,,,,,,,1.4775,0.186,,,,,,,,,,,,,,,,
124,3.024,تو گروه مرگ افتادیم,تو گروه مرگ افتادی بود.,0.5,0.2105,89.7763,1.25,0.0,0.0,0.0,0.0,0.0,,,,,,,0.7261,0.2401,,,,,,,,,,,,,,,,
125,2.472,سعی کرد,سعی کرد.,0.0,0.0,100.0,1.0,0.0,0.0,0.0,0.0,0.0,,,,,,,0.4091,0.1655,,,,,,,,,,,,,,,,
126,3.264,امروز خیلی بداخلاق شده,امروز خیلی بد اخلاق شده,0.5,0.0455,100.0,1.25,0.0,0.0,0.0,0.0,1.0,,,,,,,0.718,0.22,,,,,,,,,,,,,,,,
127,5.544,انشااله فرزندانمان زینت دنیا و آخرتمان قرار گیرند,این جلاو در زندانمان زینت دنیا و آخرتمان قرار گیرند.,0.5,0.1633,81.2962,1.25,0.0,0.0,0.0,0.0,0.0,,,,,,,1.2103,0.2183,,,,,,,,,,,,,,,,
128,5.376,قابل واگذاری،پرداخت کامل، حقوق و مجوز جهانی برای استفاده,قابل با بزاری، پرداخت کامل، حقوق و مجوز جهانی برای استفاده,0.2,0.0727,85.6487,1.1,0.0,0.0,0.0,0.0,1.0,,,,,,,1.4541,0.2705,,,,,,,,,,,,,,,,
129,3.984,من کمی بادام زمینی شور نشده می خواهم.,من کمی بادام زمینی شوم نشده می خواهم,0.1667,0.0294,86.3189,1.0,0.0,0.0,0.0,0.0,0.0,,,,,,,0.8869,0.2226,,,,,,,,,,,,,,,,
130,3.768,اما حالا با ایمان هستم,اما حالا با ایمان هستم.,0.0,0.0,100.0,1.0,0.0,0.0,0.0,0.0,0.0,,,,,,,0.7097,0.1883,,,,,,,,,,,,,,,,
131,2.616,بهداشت دهان دندان,بهداشت دهان دندان,0.0,0.0,100.0,1.0,0.0,0.0,0.0,0.0,1.0,,,,,,,0.5702,0.218,,,,,,,,,,,,,,,,
132,3.936,واقعا من ادم خوبی هستم,واقعاً من آدم خوبی هستم.,0.2,0.0455,75.8992,1.0,0.0,0.0,0.0,0.0,0.0,,,,,,,0.6961,0.1769,,,,,,,,,,,,,,,,
133,3.216,روآندا,رواندا,1.0,0.1667,28.0556,1.0,0.0,0.0,0.0,0.0,1.0,,,,,,,0.3062,0.0952,,,,,,,,,,,,,,,,
134,7.464,پسری که سالهابود بچه دار نمیشدو خانوادش براش کلی دعا کردن,پسری که سالها بود بچهدار نمیشد و خانوادهش براش پولی دعا کرد,0.7,0.1071,83.5764,1.2,0.0,0.0,0.0,0.0,1.0,,,,,,,1.4539,0.1948,,,,,,,,,,,,,,,,
135,3.996,دیوید شاگرد تیزهوشی بود.,دیوید شاگر تیزهوشی بود.,0.25,0.0435,79.7449,1.0,0.0,0.0,0.0,0.0,1.0,,,,,,,0.8169,0.2044,,,,,,,,,,,,,,,,
136,6.504,زیرا هر اقدامی الهام بخش اقدامی دیگر است,زیرا هر اقدامی الهان بخش اقدامی دیگر است,0.2857,0.0513,88.1732,1.1429,0.0,0.0,0.0,0.0,1.0,,,,,,,0.989,0.1521,,,,,,,,,,,,,,,,
137,5.736,حسن رو کجا قایم کردی؟,حسن به کجا قایب کردید؟,0.6,0.2,41.8265,1.0,0.0,0.0,0.0,0.0,1.0,,,,,,,0.7563,0.1319,,,,,,,,,,,,,,,,
138,4.896,خطر لو رفتن داستان برای شما وجود دارد,نتر لورفتن داستان برای شما وجود دارد.,0.375,0.0811,92.699,0.875,0.0,0.0,0.0,0.0,0.0,,,,,,,0.9444,0.1929,,,,,,,,,,,,,,,,
139,5.424,دختری در گروهمان بود که وقتی نمیآمد پسرها میپرسیدند چرا نیامده است,دوختهای در گروه مو بود که وقتی نمیمان پسرم پرستند چرا نمیمانده است,0.5833,0.2727,48.9781,1.0833,0.0,0.0,0.0,0.0,1.0,,,,,,,1.5829,0.2918,,,,,,,,,,,,,,,,
140,8.736,شرکتهایی که برای محیط زیست و جامعه نقش مثبت دارند، همچنین از لحاظ مالی هم موفق هستند,شرکتهایی که برای محیطزیس و جمعه نقش مصبت دارند همچنین از لحاظ مالی هم موفق هستند,0.1875,0.0366,85.6252,1.0,0.0,0.0,0.0,0.0,0.0,,,,,,,2.0415,0.2337,,,,,,,,,,,,,,,,
141,3.72,یکم رو اعصاب راه میرم,یه چندی اطلاع راه میرم,0.6,0.4286,34.5583,1.0,0.0,0.0,0.0,0.0,1.0,,,,,,,0.6732,0.181,,,,,,,,,,,,,,,,
142,2.808,تا لاس وگاس باهاش بریم,تا لاستگاه است باهاش بریم.,0.5,0.2381,58.8319,1.25,0.0,0.0,0.0,0.0,0.0,,,,,,,0.6733,0.2398,,,,,,,,,,,,,,,,
143,5.544,آهنگهای کوتاه و تیز,آهنگهای کوتاه و تیز,0.0,0.0,100.0,1.0,0.0,0.0,0.0,0.0,1.0,,,,,,,0.6766,0.122,,,,,,,,,,,,,,,,
144,4.624,همه پستانداران ورتاک دارند,همهی پستانداران ورتاک دارند.,0.25,0.0385,88.8776,1.0,0.0,0.0,0.0,0.0,0.0,,,,,,,0.7818,0.1691,,,,,,,,,,,,,,,,
145,5.22,ابزار را با زدایشگر ویژهای پاک میکنند.,ابزار را با زدایشگر ویژهای پاک میکنند.,0.0,0.0,100.0,1.0,0.0,0.0,0.0,0.0,1.0,,,,,,,1.0932,0.2094,,,,,,,,,,,,,,,,
146,3.744,تک سایز و تک رنگ,تجساز و تجرنگ,0.8,0.3125,23.8294,0.6,0.0,0.0,0.0,0.0,1.0,,,,,,,0.5415,0.1446,,,,,,,,,,,,,,,,
147,3.144,آنها را دوست دارم.,آنها را دوست دارم.,0.0,0.0,100.0,1.0,0.0,0.0,0.0,0.0,1.0,,,,,,,0.6075,0.1932,,,,,,,,,,,,,,,,
148,5.064,مریم،دست و پنجه تو باید طلا گرفت,مریم دست و پنجتو باید تلا گرفت,0.375,0.0938,68.1411,0.875,0.0,0.0,0.0,0.0,0.0,,,,,,,0.8989,0.1775,,,,,,,,,,,,,,,,
149,5.544,میگوییم آن بخش از پروژه در فلان جا که افراد متنوعی روی آن کار میکنند,میگوییم آن بخش از پروژه در پرانجای که افراد متنوعی روی آن کار کنند,0.2,0.0882,78.9236,0.9333,0.0,0.0,0.0,0.0,1.0,,,,,,,1.738,0.3135,,,,,,,,,,,,,,,,
150,4.944,امیدوارم بهترین ها براتون رقم بخوره توی این روز,امیدوارم بهتنهها براتون رقم بخورد توی این روز,0.25,0.087,76.5594,1.0,0.0,0.0,0.0,0.0,1.0,,,,,,,1.1748,0.2376,,,,,,,,,,,,,,,,
151,8.016,هوای خوب،بیشتر روزابارونی، وجود حس ارامش و بودن در کنار آدمای خوب,حوای خوب، بیشتر روزا بارونی، وجود حس آرامش و بودن در خیلی آدمای خوب,0.3846,0.1094,77.5127,1.0769,0.0,0.0,0.0,0.0,1.0,,,,,,,1.6535,0.2063,,,,,,,,,,,,,,,,
152,6.624,این مقاله حتی محل این اتفاق را در ایالت مریلند معرفی کرده بود، پادگان دیتریک,این مقاله حتی محل این اتفا را در ایالات مریلن معرفی کرده بود، پادگان دیتریک,0.2,0.04,83.7765,1.0,0.0,0.0,0.0,0.0,1.0,,,,,,,1.7867,0.2697,,,,,,,,,,,,,,,,
153,7.944,دلم میخواست یکی دوساعت تو اون جو بمونم و با گل فروشیه هم یه گپ بزنیم,دلم میخواست یکی دو ساعت تو اون جغب بمونم و با گلفروشی هم یک گپ بزنیم,0.375,0.0882,81.5429,1.0,0.0,0.0,0.0,0.0,1.0,,,,,,,1.5965,0.201,,,,,,,,,,,,,,,,
154,5.784,خدا ازشون نگذره پوست مونده و استخون ازش.اب شده بچم,خدا ازشون نگذاره پوس مونده و استخوان ازش آب شده بچهام,0.4545,0.12,64.7153,1.0,0.0,0.0,0.0,0.0,0.0,,,,,,,1.3053,0.2257,,,,,,,,,,,,,,,,
155,2.856,به این چه میگویید؟,به این چه میگویند؟,0.25,0.0588,83.4003,1.0,0.0,0.0,0.0,0.0,1.0,,,,,,,0.6394,0.2239,,,,,,,,,,,,,,,,
156,3.672,!بده به من! بزار برم,بده به من، بذار برم,0.2,0.0556,66.5737,1.0,0.0,0.0,0.0,0.0,0.0,,,,,,,0.5891,0.1604,,,,,,,,,,,,,,,,
157,5.376,شاید آنها به خاطر ندارند که: جهان دارد پیرتر می شود!,شاید آنها به خاطر ندارند که جهان دارد پیرتر میشود,0.0,0.0,100.0,1.0,0.0,0.0,0.0,0.0,0.0,,,,,,,1.2024,0.2237,,,,,,,,,,,,,,,,
158,4.356,تصمیم شما عاقلانه است.,تصمیم شما عاقلانه است.,0.0,0.0,100.0,1.0,0.0,0.0,0.0,0.0,1.0,,,,,,,0.7155,0.1642,,,,,,,,,,,,,,,,
159,10.272,یکی از تناقضات زمان ما این است که نسل «بیبی بومر» پرجنبوجوشتر هستند و دنبال زندگی سالمترند،,یکی از تناوازات زمان ما این است که نسل بی بی بومر پر جنب و جوشتر هستند و دنبال زندگی سالمترند کاما,0.3529,0.125,92.1353,1.2353,0.0,0.0,0.0,0.0,0.0,,,,,,,2.1264,0.207,,,,,,,,,,,,,,,,
160,2.976,کجا به دنیا آمدی؟,کجای به دنیا آمدی؟,0.25,0.0625,77.3072,1.0,0.0,0.0,0.0,0.0,1.0,,,,,,,0.6468,0.2173,,,,,,,,,,,,,,,,
161,4.176,باشه دوشنبه می بینمتون,باشه دو شنوه میبینم اتون,1.3333,0.1905,63.7927,1.6667,0.0,0.0,0.0,0.0,1.0,,,,,,,0.751,0.1798,,,,,,,,,,,,,,,,
162,3.816,هی ریچل ، برو عطر بیار,هی ریچل، برو عطر بیار,0.0,0.0,100.0,1.0,0.0,0.0,0.0,0.0,1.0,,,,,,,0.7269,0.1905,,,,,,,,,,,,,,,,
163,6.144,بسیاری از ما به شکل قابل توجیهی نگران هستیم.,بسیاری از ما به شکل قابل توجیهی نگران هستند.,0.1111,0.0465,93.8291,1.0,0.0,0.0,0.0,0.0,1.0,,,,,,,1.1542,0.1879,,,,,,,,,,,,,,,,
164,7.056,همه برای خواب از صحنه خارج می شوند، نور می رود,همه برای خواب از سحن خارج میشوند، نور میرود.,0.1111,0.0465,81.6106,1.0,0.0,0.0,0.0,0.0,0.6667,,,,,,,1.1008,0.156,,,,,,,,,,,,,,,,
165,8.184,هر کودکی که درباره بحران اقلیمی اهمیت میدهد,هر کودکی که دربارهی بهران اقلیمی اهمیت میدهد,0.25,0.0465,86.2199,1.0,0.0,0.0,0.0,0.0,1.0,,,,,,,1.2262,0.1498,,,,,,,,,,,,,,,,
166,7.152,از همه مهمتر موفق به کشف راز و معمای قدیمی خود شدم,از همه مهمتر موفق به کشف راز و مهمّای قدیمی خود شدم.,0.0833,0.02,90.1701,1.0,0.0,0.0,0.0,0.0,0.0,,,,,,,1.2859,0.1798,,,,,,,,,,,,,,,,
167,3.816,میوهٔ این درخت خوراکی نیست.,میوهی این دره خوراکی نیست.,0.4,0.12,61.1465,1.0,0.0,0.0,0.0,0.0,1.0,,,,,,,0.8349,0.2188,,,,,,,,,,,,,,,,
168,2.616,افکار مثبت,افکار مثبت,0.0,0.0,100.0,1.0,0.0,0.0,0.0,0.0,1.0,,,,,,,0.4214,0.1611,,,,,,,,,,,,,,,,
169,5.832,ذرات بتا قادر به طی کردن مسیر طولانیتر در هوا هستند,زرات بطا قادر به تن کردن مسیر طولانیتر در هوا هستند.,0.2727,0.0784,77.4583,1.0,0.0,0.0,0.0,0.0,0.0,,,,,,,1.2655,0.217,,,,,,,,,,,,,,,,
170,6.984,افراد ابراز نشده را به ادامه صحبت فرا بخوانید,افراد ابرازنشاده را به ادامه صحبت فرا بخوانید.,0.2222,0.0444,91.9569,0.8889,0.0,0.0,0.0,0.0,0.0,,,,,,,1.2388,0.1774,,,,,,,,,,,,,,,,
171,4.584,آژانس بینالمللی انرژی اتمی,آجانس بینالمللی انرژی اتمی,0.25,0.0385,90.9,1.0,0.0,0.0,0.0,0.0,1.0,,,,,,,0.8378,0.1828,,,,,,,,,,,,,,,,
172,6.864,دانشگاهش شیش مدل ادم رو انداخته دور خودش,دانشگاهش شیش مدر آدم را انداخته دور خودش,0.375,0.075,75.3275,1.0,0.0,0.0,0.0,0.0,1.0,,,,,,,1.0367,0.151,,,,,,,,,,,,,,,,
173,5.796,انگلیسی او خوب نیست ولی مفهوم حرفهای او را درک میکنم.,انگلیسی او خوب نیست ولی مفهوم حرفهای او را درک میکنم.,0.0,0.0,100.0,1.0,0.0,0.0,0.0,0.0,1.0,,,,,,,1.3537,0.2336,,,,,,,,,,,,,,,,
174,5.616,از خداتم باشه چیه چسبیدی به کیف و کتاب.,از خدا تم باشه چیه چسبیدی به کیف و کتاب,0.2222,0.0263,100.0,1.1111,0.0,0.0,0.0,0.0,0.0,,,,,,,0.9427,0.1679,,,,,,,,,,,,,,,,
175,4.776,خوشحالم دوباره شما را می بینم.,خوشحالم دوباره شما را میبینم.,0.0,0.0,100.0,1.0,0.0,0.0,0.0,0.0,1.0,,,,,,,0.8212,0.1719,,,,,,,,,,,,,,,,
176,6.504,تا خنده رو لبات بیاد شب برسه به فردا,تا خنده رو لبات بیاد شب برسه به فردا,0.0,0.0,100.0,1.0,0.0,0.0,0.0,0.0,1.0,,,,,,,0.9715,0.1494,,,,,,,,,,,,,,,,
177,7.248,برای کسایی که تنها زندگی میکنن بهترین همدم گل و گیاهه سرگرمشون میکنه,برای کسه که تنها زندگی میکنن بهترین همدم گلوگیاه سرگرمشون میکنن,0.3846,0.1029,83.8956,0.8462,0.0,0.0,0.0,0.0,1.0,,,,,,,1.6073,0.2218,,,,,,,,,,,,,,,,
178,4.416,نوسازی مدارس,نوسازی مدارس,0.0,0.0,100.0,1.0,0.0,0.0,0.0,0.0,1.0,,,,,,,0.482,0.1091,,,,,,,,,,,,,,,,
179,4.356,حریر مشجر را از کجا میتوان تهیه کرد؟,تریخ مشجر را از کجا میتوان تایه کرد؟,0.25,0.0857,71.811,1.0,0.0,0.0,0.0,0.0,1.0,,,,,,,0.9902,0.2273,,,,,,,,,,,,,,,,
180,2.856,نه، ابدا، مزاحم چیه,نه، ابداً، مزاهم چیه؟,0.25,0.0588,68.4256,1.0,0.0,0.0,0.0,0.0,0.8,,,,,,,0.7102,0.2487,,,,,,,,,,,,,,,,
181,3.624,.باید برم بن رو بردارم,باید برم بین رو بردارم,0.2,0.0476,79.9974,1.0,0.0,0.0,0.0,0.0,0.0,,,,,,,0.7443,0.2054,,,,,,,,,,,,,,,,
182,2.976,سوپ قارچ دوست داری؟,سوپ قارچ دوست داری؟,0.0,0.0,100.0,1.0,0.0,0.0,0.0,0.0,1.0,,,,,,,0.6391,0.2148,,,,,,,,,,,,,,,,
183,2.904,اندرز,اندرز,0.0,0.0,100.0,1.0,0.0,0.0,0.0,0.0,1.0,,,,,,,0.3506,0.1207,,,,,,,,,,,,,,,,
184,8.376,وارد کشورها شوند و وقتی بیمار شوند میتوانند دیگران را هم آلوده کنند,وارد کشورها شوند و وقتی بیمار شوند میتوانند دیگران را هم آروده کنند.,0.0769,0.0149,93.2203,1.0,0.0,0.0,0.0,0.0,0.0,,,,,,,1.6301,0.1946,,,,,,,,,,,,,,,,
185,9.024,تو غَرّه بدان مشو که می مینخوری صد لقمه خوری که می غلامست آنرا,تو غره بدان مشو که می می نخوری صد لقمه خوری که می غلام است آن را,0.5,0.069,93.8046,1.25,0.0,0.0,0.0,0.0,1.0,,,,,,,1.4351,0.159,,,,,,,,,,,,,,,,
186,5.94,آنها در کرانهی دریای خزر یک خانهی ییلاقی دارند.,آنها در کرانهی در جههی خزر یک خانهی یلاقی دارند.,0.3333,0.1087,81.2669,1.1111,0.0,0.0,0.0,0.0,1.0,,,,,,,1.2597,0.2121,,,,,,,,,,,,,,,,
187,4.824,گفتم خوب بدون مداد چه کار کردی ؟,گفتان خوب بدون مداد چیکار کردی؟,0.4286,0.1333,67.9216,0.8571,0.0,0.0,0.0,0.0,1.0,,,,,,,0.8064,0.1672,,,,,,,,,,,,,,,,
188,4.212,او اخیرا شغل خود را رها کرد.,او اخیرا شغل خود را رها کرد.,0.0,0.0,100.0,1.0,0.0,0.0,0.0,0.0,1.0,,,,,,,0.8062,0.1914,,,,,,,,,,,,,,,,
189,8.784,و در طول نه سال آنها به رکورد بهترین عملکرد در تمام دوران رسیدند,و در طول نه سال آنها به رکرد بهترین عمل کرد در تمام دوران رسیدند,0.2143,0.0312,93.0339,1.0714,0.0,0.0,0.0,0.0,1.0,,,,,,,1.4351,0.1634,,,,,,,,,,,,,,,,
190,3.42,آب فراوانی را میتوان پشت سدها اندوخت.,آب فراوانی را میتوان پشت سطحها اندوخت.,0.1429,0.0556,86.2089,1.0,0.0,0.0,0.0,0.0,1.0,,,,,,,1.0811,0.3161,,,,,,,,,,,,,,,,
191,5.736,عكس بچه می زارن میگن بخاطر این برید ازدواج كنید,عکس بچه میزارن میگن به خاطر این برید ازدواج کنید,0.2222,0.0435,92.1899,1.1111,0.0,0.0,0.0,0.0,1.0,,,,,,,1.2271,0.2139,,,,,,,,,,,,,,,,
192,3.216,نه ممنون من اینجا خوبم,نه ممنون من اینجا خوبم,0.0,0.0,100.0,1.0,0.0,0.0,0.0,0.0,1.0,,,,,,,0.6373,0.1982,,,,,,,,,,,,,,,,
193,6.024,قلهای از تمام مهارتهایی که در طول سالها بدست آورده بودم,قلهی از تمام مهارتهایی که در طول سالها به دست آورده بودم,0.2727,0.0545,86.7755,1.0909,0.0,0.0,0.0,0.0,1.0,,,,,,,1.3044,0.2165,,,,,,,,,,,,,,,,
194,6.216,با جزییات هر چه بیشتر، آن وضعیت را توصیف کنید,با جزئیات هرچه بیشتر آن وضعیت را توصیف کنید.,0.3,0.0455,89.479,0.9,0.0,0.0,0.0,0.0,0.0,,,,,,,1.3767,0.2215,,,,,,,,,,,,,,,,
195,5.136,هنرپیشه های فیلم محبوب شما چه کسانی هستند؟,خنرپیشههای فیلم محبوب شما چه کسانی هستند؟,0.1429,0.025,96.816,1.0,0.0,0.0,0.0,0.0,1.0,,,,,,,1.1234,0.2187,,,,,,,,,,,,,,,,
196,3.936,چی میخوایی بهش بگی ؟,چی می خوای بهش بگی؟,0.25,0.0556,77.8085,1.0,0.0,0.0,0.0,0.0,1.0,,,,,,,0.6116,0.1554,,,,,,,,,,,,,,,,
197,5.064,و آنها فرصت کار دارند,و آنها فرصت کار دارند,0.0,0.0,100.0,1.0,0.0,0.0,0.0,0.0,1.0,,,,,,,0.6379,0.126,,,,,,,,,,,,,,,,
198,5.736,گفت از این به بعد آزادی هر جا خواستی سیگار بکشی,گفت از دیم و بد آزادی هر جه خواستی سیگار بکشید.,0.4545,0.1489,63.4501,1.0,0.0,0.0,0.0,0.0,0.0,,,,,,,1.2551,0.2188,,,,,,,,,,,,,,,,
199,4.704,زوم کن تا تو عکس خراب نشم,زوم کن تا تو اکس خراب نشن,0.2857,0.08,71.3379,1.0,0.0,0.0,0.0,0.0,1.0,,,,,,,0.7338,0.156,,,,,,,,,,,,,,,,
200,4.068,حفرههای پر از آب در سنگ آهک,حفرههای پر از آب در سنگ آحک,0.1429,0.037,89.8893,1.0,0.0,0.0,0.0,0.0,1.0,,,,,,,0.8998,0.2212,,,,,,,,,,,,,,,,
201,5.796,شعر او تلاش برای هم آمیزی سنتهای کهن و نوین است.,شعر او تلاش برای همامیزی سنتهای کوهند و نوین است.,0.2727,0.0851,76.7417,0.9091,0.0,0.0,0.0,0.0,1.0,,,,,,,1.203,0.2076,,,,,,,,,,,,,,,,
202,3.744,دیاپازون، چنگالک آواسنج,دیاپازون، چنگالک آواسنج,0.0,0.0,100.0,1.0,0.0,0.0,0.0,0.0,1.0,,,,,,,0.734,0.196,,,,,,,,,,,,,,,,
203,5.976,تیره بختان و سیاهکاران چون بدانجا رسند,تیرهبختان و سیاهکاران چون بدانجارسند,0.5714,0.0526,100.0,0.7143,0.0,0.0,0.0,0.0,1.0,,,,,,,0.9337,0.1562,,,,,,,,,,,,,,,,
204,6.336,زیرا علفها و ساقههای خیزران اطراف همه شکسته و خورد شده بود,زیرا علاقا وساقههای فیضران اطلاع کمه شکسته و خورد شده بود.,0.5,0.1379,63.4874,0.9167,0.0,0.0,0.0,0.0,0.0,,,,,,,1.4992,0.2366,,,,,,,,,,,,,,,,
205,3.096,ميشه واسه منم بخري ؟,میشه واسه منم بخری؟,0.0,0.0,100.0,1.0,0.0,0.0,0.0,0.0,1.0,,,,,,,0.6569,0.2122,,,,,,,,,,,,,,,,
206,2.256,ایستاد,ایستاد,0.0,0.0,100.0,1.0,0.0,0.0,0.0,0.0,1.0,,,,,,,0.3446,0.1527,,,,,,,,,,,,,,,,
207,4.104,از مناطق پرخطر دوری کن,از مناطق پرخطر دوری کن.,0.0,0.0,100.0,1.0,0.0,0.0,0.0,0.0,0.0,,,,,,,0.7034,0.1714,,,,,,,,,,,,,,,,
208,3.984,او مطلقه است.,او مطلقه است.,0.0,0.0,100.0,1.0,0.0,0.0,0.0,0.0,1.0,,,,,,,0.499,0.1252,,,,,,,,,,,,,,,,
209,3.456,اَرنَواز,انوار,1.0,0.3333,35.0111,1.0,0.0,0.0,0.0,0.0,1.0,,,,,,,0.3111,0.09,,,,,,,,,,,,,,,,
210,3.708,اهمیت خویشتن شناسی,اهمیت خویشتن شناسی,0.0,0.0,100.0,1.0,0.0,0.0,0.0,0.0,1.0,,,,,,,0.6693,0.1805,,,,,,,,,,,,,,,,
211,2.664,نه، هرگز آنجا نرفته ام.,نه، هرگزان جا نرفتم.,0.75,0.25,56.5914,1.0,0.0,0.0,0.0,0.0,1.0,,,,,,,0.6796,0.2551,,,,,,,,,,,,,,,,
212,6.984,وقتی میرم خونه،ازوقتی میرسم تا وقتی که برگردم یه ریز حرف میزنم,وقتی میرم خونه از وقتی میرسم تا وقتی که برگردم یه ریز حرف میزنم,0.1667,0.0164,100.0,1.0833,0.0,0.0,0.0,0.0,0.0,,,,,,,1.5137,0.2167,,,,,,,,,,,,,,,,
213,6.264,داخلی یا بین المللی؟,داخلی یا بینای مللی,0.6667,0.1111,73.5163,1.3333,0.0,0.0,0.0,0.0,0.0,,,,,,,0.6581,0.1051,,,,,,,,,,,,,,,,
214,5.184,چاپ و نشر مقالات دروغ در نشریات معتبر,چاپ و نشت مقالات دروغ در نشیات متبرد,0.375,0.1081,63.6025,1.0,0.0,0.0,0.0,0.0,1.0,,,,,,,0.9629,0.1857,,,,,,,,,,,,,,,,
215,3.168,رویداد مسرت انگیز,رویداد مسارات انگیز,0.3333,0.1176,68.4992,1.0,0.0,0.0,0.0,0.0,1.0,,,,,,,0.5687,0.1795,,,,,,,,,,,,,,,,
216,7.224,انگار چهارشنبه سوری بود انگار عید بود شبیه همه چیز بود اونشب !!,انگار شاشن به سوری بود انگار عید بود شبیه همی چیز بود اون شب,0.5455,0.1186,79.9227,1.2727,0.0,0.0,0.0,0.0,0.0,,,,,,,1.3979,0.1935,,,,,,,,,,,,,,,,
217,4.464,خوب ، آماندا منو رسوند,خوب، آماندا من رو رسوند.,0.5,0.1,79.9974,1.25,0.0,0.0,0.0,0.0,0.6667,,,,,,,0.7135,0.1598,,,,,,,,,,,,,,,,
218,3.864,دیگه نمی خوام راه برم,دیگه نمی خواهم را برم.,0.5,0.1,65.3312,1.0,0.0,0.0,0.0,0.0,0.0,,,,,,,0.7709,0.1995,,,,,,,,,,,,,,,,
219,2.736,نیشابور,نیشابور,0.0,0.0,100.0,1.0,0.0,0.0,0.0,0.0,1.0,,,,,,,0.3758,0.1374,,,,,,,,,,,,,,,,
220,7.488,ایتالیاییها در موسیقی و هلندیها در نقاشی سرآمد بودند.,ایتالیاییها در موسیقی و هلندیها در نقاشی سر آمد بودند.,0.2222,0.0192,100.0,1.1111,0.0,0.0,0.0,0.0,1.0,,,,,,,1.4034,0.1874,,,,,,,,,,,,,,,,
221,7.308,بحث آنها داشت داغ میشد.,بحث آنها داشت داغ میشد.,0.0,0.0,100.0,1.0,0.0,0.0,0.0,0.0,1.0,,,,,,,0.6994,0.0957,,,,,,,,,,,,,,,,
222,3.276,اتوبوس پر است.,اتوبوس پر است.,0.0,0.0,100.0,1.0,0.0,0.0,0.0,0.0,1.0,,,,,,,0.4385,0.1339,,,,,,,,,,,,,,,,
223,3.096,پس سعی کن بیخیالش بشی,پس تای کن بی خیالش چی؟,0.8,0.2381,55.7838,1.2,0.0,0.0,0.0,0.0,0.0,,,,,,,0.7365,0.2379,,,,,,,,,,,,,,,,
224,4.128,خوبه، قول دادیا زیر قولت که نمی زنی؟,خوبه قول دادی ارزیر قولت که نمیزنی,0.2857,0.0606,88.5342,1.0,0.0,0.0,0.0,0.0,0.0,,,,,,,0.9924,0.2404,,,,,,,,,,,,,,,,
225,4.608,جیرونگ چرخهای گاری,دیرونگ چرخهای گاری,0.3333,0.0556,92.4707,1.0,0.0,0.0,0.0,0.0,1.0,,,,,,,0.6316,0.1371,,,,,,,,,,,,,,,,
226,2.988,بشقاب مقوایی,بشخواب مقوایی,0.5,0.1667,66.3143,1.0,0.0,0.0,0.0,0.0,1.0,,,,,,,0.5287,0.1769,,,,,,,,,,,,,,,,
227,5.868,آبگونهای که لکههای لباس را پاک میکند,آبگونهای که لکههای لباس را پاک میکند,0.0,0.0,100.0,1.0,0.0,0.0,0.0,0.0,1.0,,,,,,,1.0087,0.1719,,,,,,,,,,,,,,,,
228,3.06,حالا وقت شوخی نیست.,حالا وقت شوخی نیست.,0.0,0.0,100.0,1.0,0.0,0.0,0.0,0.0,1.0,,,,,,,0.6289,0.2055,,,,,,,,,,,,,,,,
229,2.904,- ما تو رو دوست داریم,ما تو رو دوست داریم.,0.0,0.0,100.0,1.0,0.0,0.0,0.0,0.0,0.0,,,,,,,0.6019,0.2073,,,,,,,,,,,,,,,,
230,3.072,برونئی,برون ای,1.0,0.1667,37.7778,1.0,0.0,0.0,0.0,0.0,1.0,,,,,,,0.3426,0.1115,,,,,,,,,,,,,,,,
231,4.68,اوج کامیابیهای او در عالم ورزش,اوج کامیابیهای او در عالم ورزش,0.0,0.0,100.0,1.0,0.0,0.0,0.0,0.0,1.0,,,,,,,0.8385,0.1792,,,,,,,,,,,,,,,,
232,10.248,ساره در بسیاری جاها جواب ندارد بدهد، چون طوری بزرگ شده که فکر نمیکرده جامعه اینطور باشد,ساره در بسیاری جاها جواب ندارد بدهد چون طوری بزرگ شده که فکر نمیکرده جامعه این طور باشد,0.0,0.0,100.0,1.0,0.0,0.0,0.0,0.0,0.0,,,,,,,2.1045,0.2054,,,,,,,,,,,,,,,,
233,3.744,سال نو مبارک!,سال دوم مبارک!,0.3333,0.1667,42.8369,1.0,0.0,0.0,0.0,0.0,1.0,,,,,,,0.5071,0.1354,,,,,,,,,,,,,,,,
234,4.824,دلم میخاد فقط بخابم و هیچ کاری نکنم,دلم میخواد فقط بخوابم و هیچکاری نکنم,0.5,0.0857,78.1833,0.875,0.0,0.0,0.0,0.0,1.0,,,,,,,0.9959,0.2065,,,,,,,,,,,,,,,,
235,4.656,آره اون زیاد خوب نیست,آره، اون زیاد خوب نیست.,0.0,0.0,100.0,1.0,0.0,0.0,0.0,0.0,0.0,,,,,,,0.7396,0.1589,,,,,,,,,,,,,,,,
236,3.768,چطور شد نرفته برگشتی؟,چطور شد نرفته برگشتی؟,0.0,0.0,100.0,1.0,0.0,0.0,0.0,0.0,1.0,,,,,,,0.7085,0.188,,,,,,,,,,,,,,,,
237,3.816,نوچه های با وفای من,نوچههای با وفای من,0.0,0.0,100.0,1.0,0.0,0.0,0.0,0.0,1.0,,,,,,,0.6362,0.1667,,,,,,,,,,,,,,,,
238,2.952,صرافی کجا است؟,زررافی کجاست؟,1.0,0.3077,59.1126,0.6667,0.0,0.0,0.0,0.0,1.0,,,,,,,0.5434,0.1841,,,,,,,,,,,,,,,,
239,5.184,اگه کسی بره تو،راه خروجی و جود نداره,اگه کسی بره تو، راه خرجی وجود نداره.,0.3333,0.0556,86.4374,0.8889,0.0,0.0,0.0,0.0,0.6667,,,,,,,0.9667,0.1865,,,,,,,,,,,,,,,,
240,3.744,انگشتم را بریدم.,انگشتم را بریدم.,0.0,0.0,100.0,1.0,0.0,0.0,0.0,0.0,1.0,,,,,,,0.5357,0.1431,,,,,,,,,,,,,,,,
241,6.936,و به مقامات امریکایی توصیه می کنیم که ابتدا با نظامیان خود در خلیج فارس صحبت کنند,و به مقامات امریکایی توصیح میکنیم که ابتدا با نظامیان خود در خلیج فاس برابت کنم,0.3333,0.1013,81.945,1.0667,0.0,0.0,0.0,0.0,1.0,,,,,,,1.8516,0.2669,,,,,,,,,,,,,,,,
242,6.3,او موضوع مالیاتهای جدید را هم پیش کشید.,او موضوع مالیاتهای جدید را هم پیشکشید.,0.25,0.0263,100.0,0.875,0.0,0.0,0.0,0.0,1.0,,,,,,,1.1543,0.1832,,,,,,,,,,,,,,,,
243,7.464,بعضی از ما حس یک کارتن شیر را داریم، با مهر تاریخ انقضا روی پیشانی چروکیدهمان,بعضی از محصهی کارتون شی را داریم با مورد تاریخ انگزا روی پیشانهی چوی داریم؟,0.625,0.25,48.8426,0.9375,0.0,0.0,0.0,0.0,0.0,,,,,,,1.9463,0.2608,,,,,,,,,,,,,,,,
244,4.104,آنچه می گویید نمی تواند مبهم باشد,آنچه میگویید نمیتواند مبهم باشد,0.0,0.0,100.0,1.0,0.0,0.0,0.0,0.0,1.0,,,,,,,0.9663,0.2354,,,,,,,,,,,,,,,,
245,5.256,مراقب میهمانان ناخوانده و فراری از باران باشیم,مراقب مهمانان ناخوانده و فراری از باران باشیم,0.125,0.0217,90.6667,1.0,0.0,0.0,0.0,0.0,1.0,,,,,,,1.1237,0.2138,,,,,,,,,,,,,,,,
246,2.904,حال او چطور است؟,حالو چطور است؟,0.5,0.1333,66.7047,0.75,0.0,0.0,0.0,0.0,1.0,,,,,,,0.4841,0.1667,,,,,,,,,,,,,,,,
247,3.624,سادات,سادات,0.0,0.0,100.0,1.0,0.0,0.0,0.0,0.0,1.0,,,,,,,0.3224,0.089,,,,,,,,,,,,,,,,
248,4.176,آب برای شناکردن خیلی سرد است.,باب برای صناعت حادثه میساعد است.,0.6667,0.5714,23.6599,1.0,0.0,0.0,0.0,0.0,1.0,,,,,,,0.8113,0.1943,,,,,,,,,,,,,,,,
249,4.896,مگه می شه نه رادیو گفته باشه نه روزنامه ها,مگه میشه نه رادیو گفته باشه نه روزنامهها,0.0,0.0,100.0,1.0,0.0,0.0,0.0,0.0,1.0,,,,,,,1.1098,0.2267,,,,,,,,,,,,,,,,
250,4.608,خوراک به اندازهی کافی برای همه بود؟,خوراک به اندازهی کافی برای همه بود.,0.0,0.0,100.0,1.0,0.0,0.0,0.0,0.0,0.0,,,,,,,0.9453,0.2051,,,,,,,,,,,,,,,,
251,3.576,پزشکی می خوانم.,پزشکی می خونام,0.5,0.1538,71.5061,1.0,0.0,0.0,0.0,0.0,0.0,,,,,,,0.55,0.1538,,,,,,,,,,,,,,,,
252,4.176,ما کمی بال مرغ می خوریم، لطفا.,ما کمی بال مر می خوریم دوستان,0.3333,0.2222,60.6055,1.0,0.0,0.0,0.0,0.0,0.0,,,,,,,0.7394,0.177,,,,,,,,,,,,,,,,
253,7.176,آیا می سوزاند؟,آیا می سوزاند؟,0.0,0.0,100.0,1.0,0.0,0.0,0.0,0.0,1.0,,,,,,,0.5595,0.078,,,,,,,,,,,,,,,,
254,4.776,اول، پذیرش اهداف توسعه پایدار,اول پذیرش اهداف توسعی پایدار,0.2,0.0357,82.9791,1.0,0.0,0.0,0.0,0.0,0.0,,,,,,,0.9011,0.1887,,,,,,,,,,,,,,,,
255,5.064,از کجا اتوبوس به سنت پترزبورگ بگیرم؟,از کجا اتوبوس به سن پترز برگ بگیرم؟,0.4286,0.0857,73.7411,1.1429,0.0,0.0,0.0,0.0,1.0,,,,,,,1.0126,0.2,,,,,,,,,,,,,,,,
256,5.736,اکنون در همین راستا و با دانش به آنچه در پیرامون من میگذرد,اکنون در همین راستو با دانش به آنچه در پیرامون من میگذارد,0.2308,0.0517,88.6396,0.9231,0.0,0.0,0.0,0.0,1.0,,,,,,,1.4091,0.2457,,,,,,,,,,,,,,,,
257,4.248,خورشید داغ لباسها را خشکاند.,خورشید داغ لباسها را خشکاند.,0.0,0.0,100.0,1.0,0.0,0.0,0.0,0.0,1.0,,,,,,,0.8794,0.207,,,,,,,,,,,,,,,,
258,6.696,هوشتانه استاد مبتکر نظریه اتم یعنی دموکریت بوده است,پوشتانه استاد محتکر نظریهی اتم یعنی دموکلیت بوده است,0.4444,0.0784,73.1338,1.0,0.0,0.0,0.0,0.0,1.0,,,,,,,1.3392,0.2,,,,,,,,,,,,,,,,
259,3.936,باید باشگاهمو دوباره شروع کنم.,باید باشکاهمو دوباره شروع کنم.,0.2,0.0345,83.772,1.0,0.0,0.0,0.0,0.0,1.0,,,,,,,0.911,0.2315,,,,,,,,,,,,,,,,
260,3.0,تقریبا خالی است.,تقریبا خالی است.,0.0,0.0,100.0,1.0,0.0,0.0,0.0,0.0,1.0,,,,,,,0.5516,0.1839,,,,,,,,,,,,,,,,
261,3.504,من سیر هم دوست دارم.,من سیر هم دوست دارم.,0.0,0.0,100.0,1.0,0.0,0.0,0.0,0.0,1.0,,,,,,,0.6457,0.1843,,,,,,,,,,,,,,,,
262,4.056,چهارتا بلیط برای دیدن بینوایان می خواهم.,چهار تا بلیط برای دیدن بی نوایان می خواهم,0.6667,0.0526,100.0,1.3333,0.0,0.0,0.0,0.0,0.0,,,,,,,1.0861,0.2678,,,,,,,,,,,,,,,,
263,9.744,اما ناگهان یکی از مردان قبیله فریاد کشید:چگونه می توانید این مرد را برای قربانی کردن انتخاب کنید,اما ناگهان یکی از مبدان قبیله فریاد کشید. چگونه میتوانید این مرد را برای قربانی کردن انتخاب کنید؟,0.0556,0.0105,95.3107,1.0,0.0,0.0,0.0,0.0,0.0,,,,,,,2.3589,0.2421,,,,,,,,,,,,,,,,
264,5.424,اسمت رو بنویس، اسم خودت رو بنویس,اسمت رو بنویس، اسم خودت رو بنویس,0.0,0.0,100.0,1.0,0.0,0.0,0.0,0.0,1.0,,,,,,,0.915,0.1687,,,,,,,,,,,,,,,,
265,5.04,روحانی بسیار محترم آقای جان سیمز,راهانی بسیار محترم آیر جام سی نویس,0.8333,0.3438,53.7009,1.1667,0.0,0.0,0.0,0.0,1.0,,,,,,,1.0022,0.1988,,,,,,,,,,,,,,,,
266,3.504,افریقای مرکزی,آفریقای مرکزی,0.5,0.0769,89.1132,1.0,0.0,0.0,0.0,0.0,1.0,,,,,,,0.6113,0.1745,,,,,,,,,,,,,,,,
267,6.336,وقتی پلیسا پارتی دلشون می خواد و شما از پارتی بیزارید,وقتی پلیسا پارتی دلشون میخواد، از شما از پارتی بیزارید.,0.1,0.0385,90.7164,1.0,0.0,0.0,0.0,0.0,0.0,,,,,,,1.4745,0.2327,,,,,,,,,,,,,,,,
268,2.628,لنگانیدن,لنگانیدن,0.0,0.0,100.0,1.0,0.0,0.0,0.0,0.0,1.0,,,,,,,0.4663,0.1774,,,,,,,,,,,,,,,,
269,5.376,آزمایش انجام میداده، نشت کرده است,ازمایش انجام میداده نشت کرده است.,0.1667,0.0312,95.8984,1.0,0.0,0.0,0.0,0.0,0.0,,,,,,,0.9138,0.17,,,,,,,,,,,,,,,,
270,4.296,امشب بدترين شب زندگيمه,امشب بطرین شب زندگیمه,0.25,0.0909,72.2058,1.0,0.0,0.0,0.0,0.0,1.0,,,,,,,0.7087,0.165,,,,,,,,,,,,,,,,
271,3.348,قاب چوبی زیبا,قاب چوبی زیبا,0.0,0.0,100.0,1.0,0.0,0.0,0.0,0.0,1.0,,,,,,,0.5085,0.1519,,,,,,,,,,,,,,,,
272,4.068,برای جلب مشتری آگهی میدهند.,برای جلب مشترک آگهی میدهند.,0.2,0.0385,81.1344,1.0,0.0,0.0,0.0,0.0,1.0,,,,,,,0.7979,0.1961,,,,,,,,,,,,,,,,
273,7.704,من تشنه هستم.,من تشنه هستم.,0.0,0.0,100.0,1.0,0.0,0.0,0.0,0.0,1.0,,,,,,,0.5091,0.0661,,,,,,,,,,,,,,,,
274,3.576,شماها باورنکردنی هستین,شماها باور نکردنی هستید؟,1.0,0.0909,94.2304,1.3333,0.0,0.0,0.0,0.0,0.0,,,,,,,0.7746,0.2166,,,,,,,,,,,,,,,,
275,6.165,هیچی صبرای خرکی، نه گفتنشون مث آب خوردنه,هیچی، صبرای خرکی، نگفتنشون مثل آب خوردنه,0.375,0.0769,78.9182,0.875,0.0,0.0,0.0,0.0,0.6667,,,,,,,1.2343,0.2002,,,,,,,,,,,,,,,,
276,4.848,من نمیتوانم زیبایی خود را پنهان کنم، بهتر است آن را از خود دور کنم,من نمی توانم زیبایی خود را پنهان کنم، بهتر از آن را از خود دور کنم.,0.0667,0.0308,90.9609,1.0,0.0,0.0,0.0,0.0,0.6667,,,,,,,1.6567,0.3417,,,,,,,,,,,,,,,,
277,4.224,سلام شیلا صدات یه جوری شده,سلام شیلا صدا دیه جوری شده,0.3333,0.0769,80.0524,1.0,0.0,0.0,0.0,0.0,1.0,,,,,,,0.7246,0.1715,,,,,,,,,,,,,,,,
278,3.024,همیشه با تو هستم، آرش,همیشه با تو هستم آرش,0.0,0.0,100.0,1.0,0.0,0.0,0.0,0.0,0.0,,,,,,,0.6417,0.2122,,,,,,,,,,,,,,,,
279,5.22,استحکام مصالح,استهکام مسالح,1.0,0.1538,33.0135,1.0,0.0,0.0,0.0,0.0,1.0,,,,,,,0.4764,0.0913,,,,,,,,,,,,,,,,
280,4.536,و کنار آبشار زندگی کنه,و کنار آبشار زندگی کنه,0.0,0.0,100.0,1.0,0.0,0.0,0.0,0.0,1.0,,,,,,,0.7266,0.1602,,,,,,,,,,,,,,,,
281,5.616,اگه کسی از آمپول زدن میترسه همچین همراهی رو باهاش بفرستین,اگه کسی از آن پول زدن میترسه همچین همراهی رو باهاش بفرستیم,0.2727,0.0526,90.4343,1.0909,0.0,0.0,0.0,0.0,1.0,,,,,,,1.5134,0.2695,,,,,,,,,,,,,,,,
282,4.86,پناهندگان در فقر و فاقهی کامل به سر میبرند.,پناهندگان در فقر و فاقهی کامل به سر میبرند.,0.0,0.0,100.0,1.0,0.0,0.0,0.0,0.0,1.0,,,,,,,1.0997,0.2263,,,,,,,,,,,,,,,,
283,5.544,روی همین صحنه، در همین سالن,روی همین صحنه در همین سالو,0.1667,0.0385,94.5478,1.0,0.0,0.0,0.0,0.0,0.0,,,,,,,0.773,0.1394,,,,,,,,,,,,,,,,
284,5.184,من از عهده خرید این بر نمی آیم.,من از عهده خرید این بر نمیآیم.,0.0,0.0,100.0,1.0,0.0,0.0,0.0,0.0,1.0,,,,,,,0.9453,0.1823,,,,,,,,,,,,,,,,
285,5.496,پس امید این است که عفونت در شما کمتر جدی باشد,پس امید این است که افونت در شما کمتر جدی باشد,0.0909,0.0222,88.9234,1.0,0.0,0.0,0.0,0.0,1.0,,,,,,,1.195,0.2174,,,,,,,,,,,,,,,,
286,2.856,من مسیحی هستم.,من مسیب هستم.,0.3333,0.1538,44.1264,1.0,0.0,0.0,0.0,0.0,1.0,,,,,,,0.4778,0.1673,,,,,,,,,,,,,,,,
287,7.656,محیطهای کاری مدرنی که به توافقهای تجاری زمان ما خیانت کردند.,محیطهای کاری مدرنی که به توافقهای تجاری زمان ما خیانت کردند,0.0,0.0,100.0,1.0,0.0,0.0,0.0,0.0,0.0,,,,,,,1.4623,0.191,,,,,,,,,,,,,,,,
288,3.6,این کارا چه معنی میده؟,این کارا چه معنی میده؟,0.0,0.0,100.0,1.0,0.0,0.0,0.0,0.0,1.0,,,,,,,0.6728,0.1869,,,,,,,,,,,,,,,,
289,4.896,به دردتون که نمیخوره-,به دردتون که نمیخورد,0.25,0.05,93.0054,1.0,0.0,0.0,0.0,0.0,1.0,,,,,,,0.7161,0.1463,,,,,,,,,,,,,,,,
290,3.984,کاری به کار اقای حسینی نداشته باشین,کاری به کار آقای حسینی نداشته باشیم.,0.2857,0.0571,82.5295,1.0,0.0,0.0,0.0,0.0,0.0,,,,,,,0.9654,0.2423,,,,,,,,,,,,,,,,
291,4.2,کارو بدون تو انجام بدم,کار را بدون تو انجام بدم.,0.4,0.1364,78.6399,1.2,0.0,0.0,0.0,0.0,0.0,,,,,,,0.6387,0.1521,,,,,,,,,,,,,,,,
292,9.696,با فرارسیدن قرن هجدهم اصطلاح هنرهای زیبا,با فرا رسیدن قرن هجدعام، اصطلاح هنرهای زیباه,0.5714,0.1,87.9357,1.1429,0.0,0.0,0.0,0.0,0.0,,,,,,,1.2857,0.1326,,,,,,,,,,,,,,,,
293,3.744,حالم از هر چی سنجابه بهم می خوره,حالم از هر چی سنجوه برم بخورم,0.4286,0.1935,55.4712,1.0,0.0,0.0,0.0,0.0,1.0,,,,,,,0.8576,0.2291,,,,,,,,,,,,,,,,
294,3.264,می توانید فردا آن را بگیرید.,بی توانیم فردا آن را بگیریم,0.6,0.1538,71.5558,1.2,0.0,0.0,0.0,0.0,0.0,,,,,,,0.8022,0.2458,,,,,,,,,,,,,,,,
295,6.588,اخیرا موفق به منفجر کردن یک بمب اتمی شدند.,اخیرا موفق به منفجر کردن یک بمب اتمی شدند.,0.0,0.0,100.0,1.0,0.0,0.0,0.0,0.0,1.0,,,,,,,1.0515,0.1596,,,,,,,,,,,,,,,,
296,3.744,پاپ کجا زندگی می کنه؟-,پاپ کجا زندگی میکنه؟,0.0,0.0,100.0,1.0,0.0,0.0,0.0,0.0,1.0,,,,,,,0.7384,0.1972,,,,,,,,,,,,,,,,
297,4.776,قول میدم که خرابش نکنم,قول میدم که خرابش نکنم.,0.0,0.0,100.0,1.0,0.0,0.0,0.0,0.0,0.0,,,,,,,0.6824,0.1429,,,,,,,,,,,,,,,,
298,4.128,.تماس شما برای ما مهمه,تماس شما برای ما مهمه,0.0,0.0,100.0,1.0,0.0,0.0,0.0,0.0,0.0,,,,,,,0.6003,0.1454,,,,,,,,,,,,,,,,
299,6.516,بادا که سلطنت الهی تو فرارسد و ارادهی تو انجام شود.,بادا که سلطنت الهی تو فرا رسد و ارادهی تو انجام شود,0.1818,0.02,100.0,1.0909,0.0,0.0,0.0,0.0,0.0,,,,,,,1.2022,0.1845,,,,,,,,,,,,,,,,
300,3.024,اُمفَروه,امفرو,1.0,0.1667,75.3715,1.0,0.0,0.0,0.0,0.0,1.0,,,,,,,0.3188,0.1054,,,,,,,,,,,,,,,,
301,3.144,کجا می مانید؟,کجا میمانید؟,0.0,0.0,100.0,1.0,0.0,0.0,0.0,0.0,1.0,,,,,,,0.4999,0.159,,,,,,,,,,,,,,,,
302,3.06,مراد مند,مرادبند,1.0,0.25,36.2302,0.5,0.0,0.0,0.0,0.0,1.0,,,,,,,0.3464,0.1132,,,,,,,,,,,,,,,,
303,6.936,تا در مورد استراتژی که به اعتقادم برای شرکت درست بود توضیح دهم,تا در مورد استراجی که به اعتقادم برای شرکت درست بود توضیح دهم,0.0769,0.0323,90.7666,1.0,0.0,0.0,0.0,0.0,1.0,,,,,,,1.4302,0.2062,,,,,,,,,,,,,,,,
304,8.064,ما بهتراست از شما بخواهیم کمتر آن را بپذیرید و پیش از موافقت با آنها، شروط را بهتر بفهمیم,ما بهترس از شما بخواهیم کمتر آن را بپذیرید و پیش از موافقت با آنها شرود را بهتر بفهمیم.,0.1053,0.0341,87.2848,1.0,0.0,0.0,0.0,0.0,0.0,,,,,,,2.12,0.2629,,,,,,,,,,,,,,,,
305,3.456,.خوب بابا ، آروم باشین,خوب بابا آروم باشیم,0.25,0.0526,92.4707,1.0,0.0,0.0,0.0,0.0,0.0,,,,,,,0.606,0.1753,,,,,,,,,,,,,,,,
306,4.5,پیروزی او دشمنانش را پست و زبون کرد.,پیروزی او دشمنانش را پست و زبون کرد.,0.0,0.0,100.0,1.0,0.0,0.0,0.0,0.0,1.0,,,,,,,0.9672,0.2149,,,,,,,,,,,,,,,,
307,8.064,برگها را روی زمین می ریزد خود را مرتب می کند و به سمت در می رود.,برگها را روی زمین میریزد خود را مرتب میکند و به سمت در میرود,0.0,0.0,100.0,1.0,0.0,0.0,0.0,0.0,0.0,,,,,,,1.4027,0.1739,,,,,,,,,,,,,,,,
308,5.376,آن خارجی جواب میدهد برای دور نگاه داشتن ببرها,آن خارجی جواب میدهد برای دورنگاه داشتن پرد را,0.5,0.1591,86.3725,1.125,0.0,0.0,0.0,0.0,1.0,,,,,,,1.1977,0.2228,,,,,,,,,,,,,,,,
309,7.704,هنرمندان خوب کپی میکنند اما هنرمندان بزرگ میدزدند,هنرمندان خوب کپی میکنند، اما هنرمندان بزرگ میدزدند.,0.0,0.0,100.0,1.0,0.0,0.0,0.0,0.0,0.0,,,,,,,1.3068,0.1696,,,,,,,,,,,,,,,,
310,5.904,خوش به سعادت ازاده جان خوش به سعادتت.,خوش به سعادت آزاده جان خوش به سعادتت,0.125,0.0278,86.3189,1.0,0.0,0.0,0.0,0.0,0.0,,,,,,,0.9566,0.162,,,,,,,,,,,,,,,,
311,6.696,در پی او رحمان نگران و ناراحت خارج می شود,در پی او رحمان، نگران و ناراحت خارج میشود.,0.0,0.0,100.0,1.0,0.0,0.0,0.0,0.0,0.0,,,,,,,1.0454,0.1561,,,,,,,,,,,,,,,,
312,5.064,رژ لبت روی دهنش معلومه,روی روی لب روی دهنش معلومه,0.6,0.3182,68.4574,1.2,0.0,0.0,0.0,0.0,1.0,,,,,,,0.7909,0.1562,,,,,,,,,,,,,,,,
313,4.536,به نظرم جالب اومد گذاشتم,به نظرم جالب اومد گذاشتم.,0.0,0.0,100.0,1.0,0.0,0.0,0.0,0.0,0.0,,,,,,,0.7565,0.1668,,,,,,,,,,,,,,,,
314,8.376,به این علت بود که خود را غیر از آنچه بودم میپنداشتم,به این علت بود که خود را غیر از آنکه بودن میپنداشتم,0.1667,0.0392,81.3544,1.0,0.0,0.0,0.0,0.0,1.0,,,,,,,1.2129,0.1448,,,,,,,,,,,,,,,,
315,4.068,تفریحات سالم برای کودکان,تفریحات سالم برای کودکان,0.0,0.0,100.0,1.0,0.0,0.0,0.0,0.0,1.0,,,,,,,0.6634,0.1631,,,,,,,,,,,,,,,,
316,5.544,از پیامبران دروغین برحذر باشید,از پیامبران دروغین برحضر باشید.,0.2,0.0333,84.494,1.0,0.0,0.0,0.0,0.0,0.0,,,,,,,0.8661,0.1562,,,,,,,,,,,,,,,,
317,6.024,گفتم کار خودشونه!,گفتم کار خودشونه,0.0,0.0,100.0,1.0,0.0,0.0,0.0,0.0,0.0,,,,,,,0.5418,0.0899,,,,,,,,,,,,,,,,
318,3.984,این بار یکی انتخاب کنه,این بار یکی انتخاب کنه,0.0,0.0,100.0,1.0,0.0,0.0,0.0,0.0,1.0,,,,,,,0.6825,0.1713,,,,,,,,,,,,,,,,
319,5.304,میخواهند کشاورزی نوین را بیاموزند,می خواهند که چاورزی نوبین را بیامو زد,1.0,0.1818,68.9086,1.4,0.0,0.0,0.0,0.0,1.0,,,,,,,1.0138,0.1911,,,,,,,,,,,,,,,,
320,5.784,باید یک گزارش رسمی تهیه کنید.,باید یک گزارش رسمی تهیه کنید.,0.0,0.0,100.0,1.0,0.0,0.0,0.0,0.0,1.0,,,,,,,0.9229,0.1596,,,,,,,,,,,,,,,,
321,5.496,هیچی دوستش در قوطی رو باز می کنه می بینه اقا موشه زل زده بهش.,هی چی؟ دوستش در قطعه باز میکنه میلی نه آقا موشه زر زده بش,0.6923,0.1897,57.5468,1.0769,0.0,0.0,0.0,0.0,0.0,,,,,,,1.5042,0.2737,,,,,,,,,,,,,,,,
322,4.392,آنان اختلافات خود را برطرف کردند.,آنان اختلافات خود را برطرف کردند.,0.0,0.0,100.0,1.0,0.0,0.0,0.0,0.0,1.0,,,,,,,0.869,0.1979,,,,,,,,,,,,,,,,
323,6.024,منظورم این است که من یک دزد بیشرم هستم,منظورم این است که من یک دزد بی شرم هستم.,0.0,0.0,100.0,1.0,0.0,0.0,0.0,0.0,0.0,,,,,,,0.9981,0.1657,,,,,,,,,,,,,,,,
324,6.264,من ماشینای ابی میشمردم، اونم ماشینای قرمز,من ماشينای آبی میشمردم، اونا ماشينای قرمز,0.2857,0.05,77.6114,1.0,0.0,0.0,0.0,0.0,1.0,,,,,,,1.045,0.1668,,,,,,,,,,,,,,,,
325,5.784,پست اینستاگرامیِ سوشا مکانی که بعد از دقایقی پاکش کرد,پست اینستاگرامی سوشا مکانی که بعد از دقایقی پاکش کرد,0.0,0.0,100.0,1.0,0.0,0.0,0.0,0.0,1.0,,,,,,,1.3579,0.2348,,,,,,,,,,,,,,,,
326,3.144,بابا الان جادهها شلوغن ولش کن.,بابا الان جادهها شلوغم ولش کن,0.1667,0.0345,82.9791,1.0,0.0,0.0,0.0,0.0,0.0,,,,,,,0.8074,0.2568,,,,,,,,,,,,,,,,
327,6.024,وقتی عکسی رو جایی منتشر میکنید قبلش خوب بررسیش کنید,وقتی عکسی را جایی منتشر میکنید قبلش خوب بررسیش کنید.,0.1,0.0196,90.9351,1.0,0.0,0.0,0.0,0.0,0.0,,,,,,,1.4512,0.2409,,,,,,,,,,,,,,,,
328,4.833,پیشوایان این مکتب نامیدند,پیشوایان این مکتب نامیدند.,0.0,0.0,100.0,1.0,0.0,0.0,0.0,0.0,0.0,,,,,,,0.8227,0.1702,,,,,,,,,,,,,,,,
329,6.264,اینترنت در حال حاضر قطع هست.,انترنت در حال حاضر قطع است.,0.3333,0.0741,78.0273,1.0,0.0,0.0,0.0,0.0,1.0,,,,,,,0.7324,0.1169,,,,,,,,,,,,,,,,
330,5.016,لطفاً کسی را برای آن بفرستید.,لطفاً کسی را برای آن بفلستید.,0.1667,0.037,82.1148,1.0,0.0,0.0,0.0,0.0,1.0,,,,,,,0.9362,0.1866,,,,,,,,,,,,,,,,
331,7.104,پدر جون خواهش می کنم نمیر. قول میدم آدم بشم. دیگه طرف دود نمیرم.,پدرجون خواهش میکنم نمیر قول میدم آدم بشم دیگه طرف دود نمیرم,0.1538,0.0167,100.0,0.9231,0.0,0.0,0.0,0.0,0.0,,,,,,,1.4797,0.2083,,,,,,,,,,,,,,,,
332,5.664,می توانید هتل دیگری توصیه کنید؟,می توانید خطل دیگری توصیح کنید؟,0.4,0.1034,63.907,1.0,0.0,0.0,0.0,0.0,1.0,,,,,,,0.9415,0.1662,,,,,,,,,,,,,,,,
333,6.192,زیرا در این کشورها، خبرنگاران بهراحتی فریب داده میشدند و یا رشوه قبول میکردند,زیرا در این کشورها خبرنگاران به راحتی فریب داده میشدن و یه رشوه قبول میکردن,0.3571,0.0526,88.899,1.0714,0.0,0.0,0.0,0.0,0.0,,,,,,,1.7381,0.2807,,,,,,,,,,,,,,,,
334,4.656,نه ، اون موقع داخل بود,نه، اون موقع داخل بود.,0.0,0.0,100.0,1.0,0.0,0.0,0.0,0.0,0.6667,,,,,,,0.6759,0.1452,,,,,,,,,,,,,,,,
335,2.34,شکرپاش,شکر باش!,2.0,0.3333,28.0556,2.0,0.0,0.0,0.0,0.0,0.0,,,,,,,0.414,0.1769,,,,,,,,,,,,,,,,
336,5.736,هنگامیکه ما با شرکت سازنده کایلا روبرو شدیم,پنگامی که ما با شرکت سازندهی کایلا روبرو شدیم,0.375,0.0698,88.7345,1.125,0.0,0.0,0.0,0.0,1.0,,,,,,,1.1999,0.2092,,,,,,,,,,,,,,,,
337,4.776,من اونجا مشغول به کارم,من اونجا مشغول به کارم,0.0,0.0,100.0,1.0,0.0,0.0,0.0,0.0,1.0,,,,,,,0.6398,0.134,,,,,,,,,,,,,,,,
338,3.744,می توانم اینجا بلیط رزرو کنم؟,می توانم اینجا بلیط رزرت کنم؟,0.2,0.037,84.8334,1.0,0.0,0.0,0.0,0.0,1.0,,,,,,,0.8783,0.2346,,,,,,,,,,,,,,,,
339,7.104,این ویروس سیاسی، پس از نفوذ، بهآرامی دشمن خود را از درون نابود میکرد,این ویروس سیاسی پس از نفوذ به آرامی دشمن خود را از درون نابود میکند.,0.2143,0.0303,96.3495,1.0714,0.0,0.0,0.0,0.0,0.0,,,,,,,1.5527,0.2186,,,,,,,,,,,,,,,,
340,8.184,تعدادی از روایتهای این کتاب را مادران شهرستانی و مادران ساکن خارج از کشور نوشتهاند,تعدادی از روایتهای این کتاب را مادران شهرستانی و مادران ساگن خارج از کشور نوشتند,0.1333,0.0366,89.7606,1.0,0.0,0.0,0.0,0.0,1.0,,,,,,,1.8514,0.2262,,,,,,,,,,,,,,,,
341,3.36,کیگالی,کیگادی,1.0,0.1667,37.7778,1.0,0.0,0.0,0.0,0.0,1.0,,,,,,,0.3765,0.112,,,,,,,,,,,,,,,,
342,3.576,من کمی توت فرنگی می خواهم.,من کمی تود فرنگی می خواهم.,0.5,0.087,78.8379,1.25,0.0,0.0,0.0,0.0,1.0,,,,,,,0.7296,0.204,,,,,,,,,,,,,,,,
343,6.948,از خانه که بیرون میروم طبیعتا در را میبندم.,از خانه که بیرون میروم طبیعتا در را میبندم.,0.0,0.0,100.0,1.0,0.0,0.0,0.0,0.0,1.0,,,,,,,1.0773,0.1551,,,,,,,,,,,,,,,,
344,3.504,فکر نمی کردم که دخترها,فکر نمیکردم که دخترها,0.0,0.0,100.0,1.0,0.0,0.0,0.0,0.0,1.0,,,,,,,0.6626,0.1891,,,,,,,,,,,,,,,,
345,8.424,ظاهرا میبایستی که پیش از قتل نزاعی شده باشد زیرا علفها و ساقههای خیزران اطراف همه شکسته و خورد شده بود.,زاهرا میبایستی که پیش از قطع نزایی شده باشد زیرا علبها و ساقههای خیزران اطراف همه شکسته و خرچ شده بود,0.2381,0.0686,78.4133,1.0,0.0,0.0,0.0,0.0,0.0,,,,,,,2.3861,0.2833,,,,,,,,,,,,,,,,
346,4.416,امیرارشد,امیر ارشد,2.0,0.125,100.0,2.0,0.0,0.0,0.0,0.0,1.0,,,,,,,0.4688,0.1062,,,,,,,,,,,,,,,,
347,6.456,صدای خرد شدن نان خشک به گوش می رسد,صدای خرد شدن نان خشک به بوش میرسد.,0.125,0.0303,84.494,1.0,0.0,0.0,0.0,0.0,0.0,,,,,,,0.9521,0.1475,,,,,,,,,,,,,,,,
348,5.784,این مورد عمل ها مربوط به تخصص شما می شود,این مورد عملها مربوط به تخصص شما میشود,0.0,0.0,100.0,1.0,0.0,0.0,0.0,0.0,1.0,,,,,,,0.919,0.1589,,,,,,,,,,,,,,,,
349,7.08,وقتی تو رفتی، مثل اینه که من در یک لحظه از زمان منجمد شدم,وقتی تو رفتی مثل اینه که من در یک لحظه از زمان منجمد شدم,0.0,0.0,100.0,1.0,0.0,0.0,0.0,0.0,0.0,,,,,,,1.3313,0.188,,,,,,,,,,,,,,,,
350,4.056,خب اینم از افتضاح ترین,خوب، اینم از ابتضاح ترین,0.5,0.0952,69.4102,1.0,0.0,0.0,0.0,0.0,0.0,,,,,,,0.695,0.1714,,,,,,,,,,,,,,,,
351,3.816,چند متر میتونی پرتش کنی؟,چند متر میتونی پرتش کنی؟,0.0,0.0,100.0,1.0,0.0,0.0,0.0,0.0,1.0,,,,,,,0.6972,0.1827,,,,,,,,,,,,,,,,
352,5.424,زمان استفاده دوباره از آن صدا است,زمان استفادهی دوباره از آن صدا است.,0.1429,0.0303,88.5342,1.0,0.0,0.0,0.0,0.0,0.0,,,,,,,0.8505,0.1568,,,,,,,,,,,,,,,,
353,3.384,این قطار پرازدحام است.,این قطاع پر از دهام است.,1.0,0.1905,51.7983,1.5,0.0,0.0,0.0,0.0,1.0,,,,,,,0.6656,0.1967,,,,,,,,,,,,,,,,
354,5.688,از پشتیبانی نیروهای مسلح برخوردار بود.,از پشتیبانی نیروهای مسلح بر خوردار بود.,0.3333,0.027,100.0,1.1667,0.0,0.0,0.0,0.0,1.0,,,,,,,1.0341,0.1818,,,,,,,,,,,,,,,,
355,6.228,ارضا تشنگی، رفع عطش,ارضا تشنگی، رفت اتش,0.5,0.1667,68.4937,1.0,0.0,0.0,0.0,0.0,1.0,,,,,,,0.7123,0.1144,,,,,,,,,,,,,,,,
356,3.576,آیا به من افزایش حقوق خواهید داد؟,آیا به آن افزوشی حقوق خواهید داد؟,0.2857,0.125,62.5076,1.0,0.0,0.0,0.0,0.0,1.0,,,,,,,0.9643,0.2697,,,,,,,,,,,,,,,,
357,5.376,چطور می توانم به نقشه شهر دسترسی داشته باشم,چطور می توانم به نقشه شهر دسترسی داشته باشم؟,0.0,0.0,100.0,1.0,0.0,0.0,0.0,0.0,0.0,,,,,,,1.1357,0.2113,,,,,,,,,,,,,,,,
358,7.848,او ورقه را امضا نمود و به دیگران رد کرد.,او ورقه را امضان مود و به دیگران رد کرد.,0.2,0.0513,100.0,1.0,0.0,0.0,0.0,0.0,1.0,,,,,,,1.0678,0.1361,,,,,,,,,,,,,,,,
359,6.336,فقط خدا،حالا که با ما خوب شدی فکری به حال فروش مغازه ها هم بکن,فقط خدا حالا که با ما خوب شدی فکری به حال فروش مغازهها هم بکن,0.0,0.0,100.0,1.0,0.0,0.0,0.0,0.0,0.0,,,,,,,1.3738,0.2168,,,,,,,,,,,,,,,,
360,2.856,اتاق سیگار دارید؟,اتاق سیگار دارید؟,0.0,0.0,100.0,1.0,0.0,0.0,0.0,0.0,1.0,,,,,,,0.609,0.2132,,,,,,,,,,,,,,,,
361,2.976,آیفر,آیفر,0.0,0.0,100.0,1.0,0.0,0.0,0.0,0.0,1.0,,,,,,,0.3762,0.1264,,,,,,,,,,,,,,,,
362,4.104,سازمان بنادر و کشتیرانی,سازمان بنادر و کشتیرانی,0.0,0.0,100.0,1.0,0.0,0.0,0.0,0.0,1.0,,,,,,,0.735,0.1791,,,,,,,,,,,,,,,,
363,4.872,صندلی کودک، لطفا.,سندلی کودک، لطفا.,0.3333,0.0667,90.2121,1.0,0.0,0.0,0.0,0.0,1.0,,,,,,,0.6468,0.1328,,,,,,,,,,,,,,,,
364,3.744,شاید خطکشم مشکل داره,شاید خطکشم مشکل داره,0.0,0.0,100.0,1.0,0.0,0.0,0.0,0.0,1.0,,,,,,,0.7186,0.1919,,,,,,,,,,,,,,,,
365,5.256,پیروی کورکورانه از عرف,پیروی کورکورانه از عرف,0.0,0.0,100.0,1.0,0.0,0.0,0.0,0.0,1.0,,,,,,,0.685,0.1303,,,,,,,,,,,,,,,,
366,4.428,مدرسه پسران,مدرسه پسران,0.0,0.0,100.0,1.0,0.0,0.0,0.0,0.0,1.0,,,,,,,0.5399,0.1219,,,,,,,,,,,,,,,,
367,5.904,کت شلوار کهنه نداره همونو بیارین از روش اندازه کنن.,کتش المار کهنه نداره همونو بیارین از روش اندازه کنن,0.2,0.06,89.4096,1.0,0.0,0.0,0.0,0.0,0.0,,,,,,,1.2977,0.2198,,,,,,,,,,,,,,,,
368,4.428,به واسطهی شرایط پیش بینی نشده,به واسط یه شرایط بیشبینی نشده,1.0,0.1481,62.6663,1.5,0.0,0.0,0.0,0.0,1.0,,,,,,,0.8925,0.2015,,,,,,,,,,,,,,,,
369,3.504,نه کل بسته رو نگه دار,نه، کله بسته را نگهدار.,0.4,0.1,52.316,1.0,0.0,0.0,0.0,0.0,0.0,,,,,,,0.7332,0.2092,,,,,,,,,,,,,,,,
370,4.896,و به سوالاتی پاسخ دهند که چگونه عکسالعمل نشان دادهاند,و به سوالاتی پاسختهاند که چگونه اکسالعمل نشان دادهاند,0.3,0.0755,80.3433,0.9,0.0,0.0,0.0,0.0,1.0,,,,,,,1.3213,0.2699,,,,,,,,,,,,,,,,
371,4.416,خانومه کلی خوشحال شد و خیلی ذوق زده تشکر کرد!!!,خانمه کلی خوشحال شد و خیلی زود زده تشکر کرد.,0.3333,0.093,74.2557,1.1111,0.0,0.0,0.0,0.0,0.0,,,,,,,1.23,0.2785,,,,,,,,,,,,,,,,
372,9.216,و با ايجاد لايههاى نازک درخشندگى را نشان داد,و با ایجاد لایههای نازک درخشندگی را نشان داد,0.0,0.0,100.0,1.0,0.0,0.0,0.0,0.0,1.0,,,,,,,1.1749,0.1275,,,,,,,,,,,,,,,,
373,5.664,این واقعیت که شما به مردن میخندید شگفتآور است,این واقعیت که شما به موردن میخندید چگفت آور است؟,0.3333,0.0667,81.6026,1.1111,0.0,0.0,0.0,0.0,0.0,,,,,,,1.1672,0.2061,,,,,,,,,,,,,,,,
374,6.216,دستانش را بر روی صورتش میگذارد. گویی از خبر ناراحت است,دستانش را روی صورتش میگذارد. گوی از خبر ناراحت است.,0.1818,0.0755,83.1699,0.9091,0.0,0.0,0.0,0.0,0.6667,,,,,,,1.2568,0.2022,,,,,,,,,,,,,,,,
375,5.04,این کار را نکن مردم پشت سرت حرف خواهند زد!,این کار را نکن مردم پشت سرت حرف خواهم زد.,0.1,0.0488,88.5758,1.0,0.0,0.0,0.0,0.0,0.0,,,,,,,1.0345,0.2053,,,,,,,,,,,,,,,,
376,6.096,در انحطاط کنونی جامعه هرکدام از ما سهم به سزایی دارد,در انحطات کنونی جامعهی هرکدام از ما سحمه به سزایی دارد.,0.2727,0.0769,72.8663,1.0,0.0,0.0,0.0,0.0,0.0,,,,,,,1.4028,0.2301,,,,,,,,,,,,,,,,
377,3.576,. من دیگه نمی تونم,من دیگه نمیتونم,0.0,0.0,100.0,1.0,0.0,0.0,0.0,0.0,0.0,,,,,,,0.5798,0.1621,,,,,,,,,,,,,,,,
378,4.416,نمی دانم چطور از آن استفاده کنم.,نمی دارم که تو رزنی استفاده کنم,0.6667,0.3333,47.567,1.0,0.0,0.0,0.0,0.0,0.0,,,,,,,0.8796,0.1992,,,,,,,,,,,,,,,,
379,2.784,به نظر میاد دوستش داری,به نظر میاد دوستش داری,0.0,0.0,100.0,1.0,0.0,0.0,0.0,0.0,1.0,,,,,,,0.7176,0.2578,,,,,,,,,,,,,,,,
380,4.344,غذا نپختن یا اتاق عوض کردنت؟,غذا نپختن یا اتاق عوض کردن ات؟,0.1667,0.037,94.6133,1.0,0.0,0.0,0.0,0.0,1.0,,,,,,,0.9369,0.2157,,,,,,,,,,,,,,,,
381,3.984,امیریعقوب,امیریعقوب,0.0,0.0,100.0,1.0,0.0,0.0,0.0,0.0,1.0,,,,,,,0.4151,0.1042,,,,,,,,,,,,,,,,
382,2.772,اتاق بایگانی,اتاق بایگانی,0.0,0.0,100.0,1.0,0.0,0.0,0.0,0.0,1.0,,,,,,,0.5129,0.185,,,,,,,,,,,,,,,,
383,3.456,استانداری,استانداری,0.0,0.0,100.0,1.0,0.0,0.0,0.0,0.0,1.0,,,,,,,0.4153,0.1202,,,,,,,,,,,,,,,,
384,4.344,بدون هیچ چیزی درون آن؟,بدون هیچ چیزی درون آن,0.0,0.0,100.0,1.0,0.0,0.0,0.0,0.0,0.0,,,,,,,0.6737,0.1551,,,,,,,,,,,,,,,,
385,5.904,رُم پایتخت کشور ایتالیا و مرکز ناحیه لاتزیو میباشد,روم پایتخت کشور ایتالیا و مرکز ناهیهی لاتزیو میباشد.,0.2222,0.0612,83.6549,1.0,0.0,0.0,0.0,0.0,0.0,,,,,,,1.3656,0.2313,,,,,,,,,,,,,,,,
386,3.216,همه بچه ها اینجا هستن,همه بچهها اینجا هستند.,0.25,0.05,98.6217,1.0,0.0,0.0,0.0,0.0,0.0,,,,,,,0.6805,0.2116,,,,,,,,,,,,,,,,
387,7.584,حالا، این سناریویی است بر اساس نحوه عمل فعلی تا آینده,حالا، این سناریعی است بر اساس نحوه عمل فعلی تا آینده,0.0909,0.0385,88.8483,1.0,0.0,0.0,0.0,0.0,1.0,,,,,,,1.2429,0.1639,,,,,,,,,,,,,,,,
388,4.608,اندیشههای خصوصی او در این باره,اندیشههای خصوصی او در این باره,0.0,0.0,100.0,1.0,0.0,0.0,0.0,0.0,1.0,,,,,,,0.9286,0.2015,,,,,,,,,,,,,,,,
389,4.464,روزتون به زیبایی یکی از بهترین سکانس های تاریخ فوتبال,روزتون به زیبایی یکی از بهترین سکانسهای تاریخ فوتبال,0.0,0.0,100.0,1.0,0.0,0.0,0.0,0.0,1.0,,,,,,,1.3297,0.2979,,,,,,,,,,,,,,,,
390,3.384,من يه هديه کوچيک دارم,من یه هدیهی کچیک دارم.,0.4,0.0952,68.0833,1.0,0.0,0.0,0.0,0.0,0.0,,,,,,,0.7045,0.2082,,,,,,,,,,,,,,,,
391,3.024,شما راه ورودی رو بستید,شما راه ورودی رو بستید.,0.0,0.0,100.0,1.0,0.0,0.0,0.0,0.0,0.0,,,,,,,0.7357,0.2433,,,,,,,,,,,,,,,,
392,6.024,اون یک متخصص نابغه هست,اون یک متخصص نابغه است.,0.2,0.0455,83.2374,1.0,0.0,0.0,0.0,0.0,0.0,,,,,,,0.673,0.1117,,,,,,,,,,,,,,,,
393,3.348,چیزهای مادی,چیزهای مادی,0.0,0.0,100.0,1.0,0.0,0.0,0.0,0.0,1.0,,,,,,,0.4742,0.1416,,,,,,,,,,,,,,,,
394,4.824,نمی دونه ما عوضش کردیم,نمیدونم آوازش کردی,1.0,0.3333,40.4804,0.75,0.0,0.0,0.0,0.0,1.0,,,,,,,0.6435,0.1334,,,,,,,,,,,,,,,,
395,2.904,آلتین,آلتین,0.0,0.0,100.0,1.0,0.0,0.0,0.0,0.0,1.0,,,,,,,0.3823,0.1316,,,,,,,,,,,,,,,,
396,5.856,بچه ها بعدا می بینمتون,بچهها بعدم میبینم اتو,1.0,0.2,60.0625,1.3333,0.0,0.0,0.0,0.0,1.0,,,,,,,0.6386,0.1091,,,,,,,,,,,,,,,,
397,5.148,ایفای این نقش خیلی مهارت و استعداد میخواهد.,ایفایهی نقش خیلی مهارت و استعداد میخواهد.,0.25,0.0714,84.2364,0.875,0.0,0.0,0.0,0.0,1.0,,,,,,,1.1257,0.2187,,,,,,,,,,,,,,,,
398,2.844,تعریف بیمورد,تعریف بیمورد,0.0,0.0,100.0,1.0,0.0,0.0,0.0,0.0,1.0,,,,,,,0.5175,0.182,,,,,,,,,,,,,,,,
399,3.708,به فرض که حق با شما باشد....,به فرض که حق با شما باشد,0.0,0.0,100.0,1.0,0.0,0.0,0.0,0.0,0.0,,,,,,,0.699,0.1885,,,,,,,,,,,,,,,,
400,3.576,آیا من یه احمق هستم؟,آیا منی احمق هستم؟,0.4,0.1053,70.6422,0.8,0.0,0.0,0.0,0.0,1.0,,,,,,,0.6136,0.1716,,,,,,,,,,,,,,,,
401,3.936,ما خارج از قانون هستیم,ما خارج از قانون هستیم.,0.0,0.0,100.0,1.0,0.0,0.0,0.0,0.0,0.0,,,,,,,0.6765,0.1719,,,,,,,,,,,,,,,,
402,4.848,سازمان بازرسی شاهنشاهی,سازمان بازرسی شاهنشاهی,0.0,0.0,100.0,1.0,0.0,0.0,0.0,0.0,1.0,,,,,,,0.7201,0.1485,,,,,,,,,,,,,,,,
403,2.712,هائیتی,های چی؟,2.0,0.5,17.9605,2.0,0.0,0.0,0.0,0.0,0.0,,,,,,,0.384,0.1416,,,,,,,,,,,,,,,,
404,6.336,از یه طرف هم ناراحت بودم که باید خانواده رو رها میکردم,از یه طرف هم ناراحت بودم که باید خانوادر رهان میکردم,0.25,0.0741,81.9508,0.9167,0.0,0.0,0.0,0.0,1.0,,,,,,,1.2774,0.2016,,,,,,,,,,,,,,,,
405,7.416,تحویل سال نود و نه ساعت هفت و نوزده دقیقه صبح جمعه است,تحویل سال نود و نو ساعت هفت و نوزده دقیقه صبح جمعه است,0.0769,0.0185,90.9351,1.0,0.0,0.0,0.0,0.0,1.0,,,,,,,1.4258,0.1923,,,,,,,,,,,,,,,,
406,2.628,پالیز کدو,پالیز کدو,0.0,0.0,100.0,1.0,0.0,0.0,0.0,0.0,1.0,,,,,,,0.4498,0.1711,,,,,,,,,,,,,,,,
407,3.816,جنگل سنگ شده,جنگل سنگ شده,0.0,0.0,100.0,1.0,0.0,0.0,0.0,0.0,1.0,,,,,,,0.5434,0.1424,,,,,,,,,,,,,,,,
408,3.456,وای، از ارتفاع می ترسم,وای از ارتفاع میترسم,0.0,0.0,100.0,1.0,0.0,0.0,0.0,0.0,0.0,,,,,,,0.6103,0.1766,,,,,,,,,,,,,,,,
409,5.868,تعجب آور این است که او هم تمبر جمع میکند.,تعجبآور این است که او هم تمر جمع میکند.,0.1111,0.0256,87.9301,1.0,0.0,0.0,0.0,0.0,1.0,,,,,,,1.0336,0.1761,,,,,,,,,,,,,,,,
410,3.216,من قبلاً این آزمایش را انجام داده ام.,من قبلا یازماش رو هنگام داده ام.,0.5714,0.2353,43.4155,0.8571,0.0,0.0,0.0,0.0,1.0,,,,,,,0.869,0.2702,,,,,,,,,,,,,,,,
411,3.696,به این نوارها نگاه کن,به این نوارها نگاه کن.,0.0,0.0,100.0,1.0,0.0,0.0,0.0,0.0,0.0,,,,,,,0.6802,0.184,,,,,,,,,,,,,,,,
412,3.096,شعرهای آغازین او,شعرهای آغازین او,0.0,0.0,100.0,1.0,0.0,0.0,0.0,0.0,1.0,,,,,,,0.5724,0.1849,,,,,,,,,,,,,,,,
413,8.856,نه اقا، مشکل است که ادم انجا داخل شود دیگر اسب جای خود را دارد,نه، مشکل است که آدم آنجا داخل شود دیگر از جای خود را دارد.,0.2667,0.1311,67.0385,0.9333,0.0,0.0,0.0,0.0,0.6667,,,,,,,1.4318,0.1617,,,,,,,,,,,,,,,,
414,7.872,میگه: توباید الان ازمن ممنون باشی که خونه خریدم نه اینه غر بزنی,میگه تو باید الان از من ممنوع باشی که خونه خریدم نه اینکه غور بزنی,0.5385,0.0806,83.1851,1.1538,0.0,0.0,0.0,0.0,0.0,,,,,,,1.5273,0.194,,,,,,,,,,,,,,,,
415,3.744,من دارم بهش فکر میکنم,من دارم بهش فکر میکنم.,0.0,0.0,100.0,1.0,0.0,0.0,0.0,0.0,0.0,,,,,,,0.6718,0.1794,,,,,,,,,,,,,,,,
416,4.392,.من آدم خیلی خیلی بدیم,من آدم خیلی خیلی بدیم.,0.0,0.0,100.0,1.0,0.0,0.0,0.0,0.0,1.0,,,,,,,0.7173,0.1633,,,,,,,,,,,,,,,,
417,3.576,آقا، امروز کمک نمی خواین؟,آقا، امبوذ کمک نمی خواهید؟,0.5,0.1818,54.0723,1.0,0.0,0.0,0.0,0.0,1.0,,,,,,,0.9526,0.2664,,,,,,,,,,,,,,,,
418,3.624,دلتنگم و دیدار تو درمان من است,دلتنگم و دیدار تو درمان من است.,0.0,0.0,100.0,1.0,0.0,0.0,0.0,0.0,0.0,,,,,,,0.8325,0.2297,,,,,,,,,,,,,,,,
419,7.536,وقتی روایت دیگران را حتی پیش از تدوین و ویرایش میخواندم، میدیدم انگار خودم آن را نوشتهام,وقتی روایت دیگران را حتی پیش از تطویم و ویرایش میخواندم میدیدم انگار خودم آن را نوشتهام,0.0588,0.023,91.1504,1.0,0.0,0.0,0.0,0.0,0.0,,,,,,,2.0615,0.2736,,,,,,,,,,,,,,,,
420,9.336,وزیر که در انجا بود گفت:نگران نباشید تمام چیزهایی که رخ میدهد در جهت خیر و صلاح شماست !,وزیر که در آنجا بود گفت نگران نباشی تمام چیزهایی که رخ میدهد در جهت خیر و صلاح شماست,0.1053,0.0235,89.2758,1.0,0.0,0.0,0.0,0.0,0.0,,,,,,,2.0358,0.2181,,,,,,,,,,,,,,,,
421,4.224,باشه ، معذرت می خواهیم,باشه، مذارت میخوایم.,0.6667,0.1579,50.7734,1.0,0.0,0.0,0.0,0.0,0.6667,,,,,,,0.6686,0.1583,,,,,,,,,,,,,,,,
422,4.176,اومدم اینجا که بهت بگم,امدم اینجا که بهت بگم,0.2,0.0455,89.0226,1.0,0.0,0.0,0.0,0.0,1.0,,,,,,,0.6497,0.1556,,,,,,,,,,,,,,,,
423,7.056,یک مقاله بهظاهر ساده اما بسیار مهم در یک مجله انگلیسیزبان محلی به چاپ رسید,یک مقالهی بزارستاده ام و بسیار مهم در یک مجله انگلیسی زبان محلی به چاپ بست,0.3333,0.1622,72.4323,0.9333,0.0,0.0,0.0,0.0,1.0,,,,,,,1.7504,0.2481,,,,,,,,,,,,,,,,
424,3.888,رشتهی تخصصی او سخنوری است.,رشتهی تخصصی اون سخنوری است.,0.2,0.04,84.5933,1.0,0.0,0.0,0.0,0.0,1.0,,,,,,,0.8009,0.206,,,,,,,,,,,,,,,,
425,3.024,من واقعا معذرت می خوام,من واقعاً معذرت می خواهم.,0.25,0.0476,93.1808,1.0,0.0,0.0,0.0,0.0,0.0,,,,,,,0.6886,0.2277,,,,,,,,,,,,,,,,
426,6.624,ولی هیچ عصای جادوگری برای اصلاح این تنوع و این جامعیت وجود ندارد,ولی هیچ عصای جادوگری برای اصلاح این تنوع و این جامعیت وجود ندارد,0.0,0.0,100.0,1.0,0.0,0.0,0.0,0.0,1.0,,,,,,,1.502,0.2268,,,,,,,,,,,,,,,,
427,4.968,اخبار امروز را خوانده ای؟,اخبار امروز را خوندهای؟,0.25,0.0435,79.7449,1.0,0.0,0.0,0.0,0.0,1.0,,,,,,,0.6992,0.1407,,,,,,,,,,,,,,,,
428,3.936,خدایا شکرت,خدای شکر شد.,1.5,0.4,33.3003,1.5,0.0,0.0,0.0,0.0,0.0,,,,,,,0.4982,0.1266,,,,,,,,,,,,,,,,
429,3.336,عاصف کوچول موچولو,آصف کچول مچولو,1.0,0.2353,32.328,1.0,0.0,0.0,0.0,0.0,1.0,,,,,,,0.5767,0.1729,,,,,,,,,,,,,,,,
430,7.308,اگر میخواهد شغل خود را حفظ کند بهتر است مواظب خودش باشد.,اگر می خواهد شغل خود را حفظ کند، بهتر است مواظب خودش باشد.,0.0,0.0,100.0,1.0,0.0,0.0,0.0,0.0,0.6667,,,,,,,1.4241,0.1949,,,,,,,,,,,,,,,,
431,7.584,پیش بردن این گفتگو خیلی مهم است چون ما در موقعیتی دوپهلو هستیم,پیش بردن این گفتگو خیلی مهم است چون ما در موقعیتی دو پهلو هستیم,0.1538,0.0161,100.0,1.0769,0.0,0.0,0.0,0.0,1.0,,,,,,,1.5887,0.2095,,,,,,,,,,,,,,,,
432,3.864,انگیزههای تولید داده عمومی,انگیزههای تولید داده عمومی,0.0,0.0,100.0,1.0,0.0,0.0,0.0,0.0,1.0,,,,,,,0.8019,0.2075,,,,,,,,,,,,,,,,
433,9.336,و اما رو با خودش برده,و اما رو با خودش برده,0.0,0.0,100.0,1.0,0.0,0.0,0.0,0.0,1.0,,,,,,,0.676,0.0724,,,,,,,,,,,,,,,,
434,3.636,حالت معلوم,حالت معلوم,0.0,0.0,100.0,1.0,0.0,0.0,0.0,0.0,1.0,,,,,,,0.4117,0.1132,,,,,,,,,,,,,,,,
435,3.456,من سفر کردن را دوست دارم.,من سفر کردم را دوست دارم.,0.1667,0.0417,77.4647,1.0,0.0,0.0,0.0,0.0,1.0,,,,,,,0.7157,0.2071,,,,,,,,,,,,,,,,
436,2.664,آندورا,آن دو راه,3.0,0.5,93.2588,3.0,0.0,1.0,0.0,0.0,1.0,,,,,,,0.4107,0.1542,,,,,,,,,,,,,,,,
437,3.276,انگور آبدار,انگور آبدار,0.0,0.0,100.0,1.0,0.0,0.0,0.0,0.0,1.0,,,,,,,0.4207,0.1284,,,,,,,,,,,,,,,,
438,4.296,تا حالا توریست از آذربایجان ندیده بودم,تا حالا توریست از آزربایجان ندیده بودم.,0.1429,0.0263,87.7585,1.0,0.0,0.0,0.0,0.0,0.0,,,,,,,1.1022,0.2566,,,,,,,,,,,,,,,,
439,4.44,برای زاگرب کجا عوض کنم؟,برای زاغرب کجا عوض کنم؟,0.2,0.0455,75.8992,1.0,0.0,0.0,0.0,0.0,1.0,,,,,,,0.7804,0.1758,,,,,,,,,,,,,,,,
440,3.336,تو جراتش رو نداری، نه,تو جارتشو نداری؟ نه,0.4,0.2,52.3287,0.8,0.0,0.0,0.0,0.0,0.0,,,,,,,0.6739,0.202,,,,,,,,,,,,,,,,
441,6.576,دکتر بذارید اسحاق دوست داره امشب اینجا بمانه,دکتر بذارید از حاق دوست دارم چون جا بمونه,0.75,0.25,56.1189,1.125,0.0,0.0,0.0,0.0,1.0,,,,,,,1.1271,0.1714,,,,,,,,,,,,,,,,
442,3.672,تا همین الانشم کلی وقت هدر دادیم,تا همین الانشام کلی وقت حدا دادم,0.4286,0.125,59.7809,1.0,0.0,0.0,0.0,0.0,1.0,,,,,,,0.8419,0.2293,,,,,,,,,,,,,,,,
443,5.424,تا حالا سوار یه خونه ی پرنده نشده بودم,تا حالا سوار یه خونه پرنده نشده بودهاند,0.25,0.1351,81.9941,1.0,0.0,0.0,0.0,0.0,1.0,,,,,,,1.0648,0.1963,,,,,,,,,,,,,,,,
444,4.464,من مازندرانی هستم,من مازندرانی هستم.,0.0,0.0,100.0,1.0,0.0,0.0,0.0,0.0,0.0,,,,,,,0.5823,0.1304,,,,,,,,,,,,,,,,
445,4.296,یک بسته پاکت نامه می خواهم، لطفاً.,یک بسته پاکت نامه می خواهم، لطفا.,0.0,0.0,100.0,1.0,0.0,0.0,0.0,0.0,1.0,,,,,,,0.8916,0.2075,,,,,,,,,,,,,,,,
446,5.664,استفاده می کنم تا حالتونو بگیرم,استفاده میکنم تا حالتون رو بگیرم,0.4,0.0667,88.024,1.2,0.0,0.0,0.0,0.0,1.0,,,,,,,0.9156,0.1616,,,,,,,,,,,,,,,,
447,5.856,اصلا نمی دانستیم آیندهای که در انتظار آفریقاست چیست,اصلا نمیدانستیم آیندهای که در انتظار افریقا است چیست,0.25,0.06,86.462,1.125,0.0,0.0,0.0,0.0,1.0,,,,,,,1.2426,0.2122,,,,,,,,,,,,,,,,
448,4.704,اوه خدای من ری ری گرین,او خدای من، ری ری گرین,0.1667,0.0455,83.1732,1.0,0.0,0.0,0.0,0.0,0.0,,,,,,,0.6669,0.1418,,,,,,,,,,,,,,,,
449,3.816,آره مال مام مزخرف بود,خاره مال ما مزخرف بود,0.4,0.1429,73.1171,1.0,0.0,0.0,0.0,0.0,1.0,,,,,,,0.6022,0.1578,,,,,,,,,,,,,,,,
450,3.984,آهان ، این وضعیت حادیه,آهان، این وضعیت حادیه,0.0,0.0,100.0,1.0,0.0,0.0,0.0,0.0,1.0,,,,,,,0.7268,0.1824,,,,,,,,,,,,,,,,
451,4.584,من یک لیوان شراب قرمز می خورم، لطفاً.,من یک لیوان شراب قرمز می خورم، لطفا.,0.0,0.0,100.0,1.0,0.0,0.0,0.0,0.0,1.0,,,,,,,0.9765,0.213,,,,,,,,,,,,,,,,
452,5.304,او صورتحساب را پرداخت می کند.,او صورتحساب را پرداخت میکند.,0.0,0.0,100.0,1.0,0.0,0.0,0.0,0.0,1.0,,,,,,,0.8203,0.1547,,,,,,,,,,,,,,,,
453,4.176,من اون وقتا نمی فهمیدم چرا این,من اون وقتا نمیفهمیدم چرا این,0.0,0.0,100.0,1.0,0.0,0.0,0.0,0.0,1.0,,,,,,,0.7603,0.1821,,,,,,,,,,,,,,,,
454,4.704,آيا خبر «غاشيه» به تو رسيده است؟,آیا خبر قاشیه به تو رسیده است؟,0.1429,0.0345,82.1044,1.0,0.0,0.0,0.0,0.0,1.0,,,,,,,0.8105,0.1723,,,,,,,,,,,,,,,,
455,4.728,ببین ، شماها باید برین,ببین شماها باید برید,0.25,0.05,93.0054,1.0,0.0,0.0,0.0,0.0,0.0,,,,,,,0.645,0.1364,,,,,,,,,,,,,,,,
456,3.264,این شکسته است.,این شکسته است.,0.0,0.0,100.0,1.0,0.0,0.0,0.0,0.0,1.0,,,,,,,0.476,0.1458,,,,,,,,,,,,,,,,
457,4.296,چرا مردم رو به زحمت میندازید,چرا مردم رو به زحمت می نازید؟,0.1667,0.0357,83.8474,1.0,0.0,0.0,0.0,0.0,0.0,,,,,,,0.7701,0.1793,,,,,,,,,,,,,,,,
458,5.04,کجا می توانم بلیط قطار بخرم؟,کجا می توانم بلیط قطار بخرم؟,0.0,0.0,100.0,1.0,0.0,0.0,0.0,0.0,1.0,,,,,,,0.8003,0.1588,,,,,,,,,,,,,,,,
459,3.312,چوب سر تیز,چوب سرتیز,0.6667,0.1,100.0,0.6667,0.0,0.0,0.0,0.0,1.0,,,,,,,0.4165,0.1257,,,,,,,,,,,,,,,,
460,9.024,"در ادامه مشروح صحبت های کاپیتان تیم ملی والیبال بانوان با خبرنگار ""ورزش سه"" را می خوانید",در ادامه مشروع صحبتهای کپیتان تیم ملی والی بال بانوان با خبرنگار ورزش سه را میخوانیم,0.3333,0.0476,88.2737,1.0667,0.0,0.0,0.0,0.0,1.0,,,,,,,1.9337,0.2143,,,,,,,,,,,,,,,,
461,3.6,این لامپ باید عوض شود.,این لامپ باید عوض شد.,0.2,0.0476,88.2217,1.0,0.0,0.0,0.0,0.0,1.0,,,,,,,0.7249,0.2014,,,,,,,,,,,,,,,,
462,4.464,عزیزم همه چی درست میشه,عزیزم همه چی درست میشه,0.0,0.0,100.0,1.0,0.0,0.0,0.0,0.0,1.0,,,,,,,0.7301,0.1635,,,,,,,,,,,,,,,,
463,4.056,یک میلیون رویا برای جهانی که خواهیم ساخت,یک میلیون رویا برای جهانی که خواهیم ساخت,0.0,0.0,100.0,1.0,0.0,0.0,0.0,0.0,1.0,,,,,,,1.0162,0.2505,,,,,,,,,,,,,,,,
464,8.496,جداً حال دخترمون اصلاً خوب نیست. خانم اینو ببر دکتر تا کار دستمون نداده.,جدا حال دخترمون اصلا خوب نیست خانم اینو ببر دکتر تا کار دستمون نداده,0.0,0.0,100.0,1.0,0.0,0.0,0.0,0.0,0.0,,,,,,,1.5615,0.1838,,,,,,,,,,,,,,,,
465,5.184,که کاگب تخم آنها را کاشت و هنوز هم میوه میدهد،,که کاغیه بطخمانها را کاشت و هنوز هم میبه میدهد,0.3636,0.1778,64.1118,0.9091,0.0,0.0,0.0,0.0,0.0,,,,,,,1.2816,0.2472,,,,,,,,,,,,,,,,
466,5.184,اما قصد دارند آن را با ادب انجام دهند,اما قصد دارند آن را با ادب انجام دهند.,0.0,0.0,100.0,1.0,0.0,0.0,0.0,0.0,0.0,,,,,,,1.0205,0.1969,,,,,,,,,,,,,,,,
467,3.96,اعلام میکنند که مسلمان هستند.,اعنا میکنند که مسلمان هستند,0.2,0.0714,80.8813,1.0,0.0,0.0,0.0,0.0,0.0,,,,,,,0.6855,0.1731,,,,,,,,,,,,,,,,
468,3.384,وقتی تو تلفن بهش گفتم,وقتی تو تلفن بهش گفتم,0.0,0.0,100.0,1.0,0.0,0.0,0.0,0.0,1.0,,,,,,,0.6292,0.1859,,,,,,,,,,,,,,,,
469,6.024,به خاطر موانع زیادی که شرایط جامعه جلوی آنها قرار میدهد,به خاطر موانع زیادی که شرایط جامعه جلوی آنها قرار میدهد,0.0,0.0,100.0,1.0,0.0,0.0,0.0,0.0,1.0,,,,,,,1.5146,0.2514,,,,,,,,,,,,,,,,
470,2.496,هرگز دانشگاه نرفته ام.,هرگز دانشگاه نرفتم.,0.3333,0.1,83.5066,1.0,0.0,0.0,0.0,0.0,1.0,,,,,,,0.6519,0.2612,,,,,,,,,,,,,,,,
471,7.2,با آنکه با او موافق نبودم از صداقت او خوشم آمد.,با آنکه با او موافق نپدم از صداقت او خوشم کنم,0.1818,0.1087,78.2215,1.0,0.0,0.0,0.0,0.0,0.0,,,,,,,1.2841,0.1784,,,,,,,,,,,,,,,,
472,5.448,چه کسی این نامه را فرستاده است؟,چه کسی این نامه را فرستاده است؟,0.0,0.0,100.0,1.0,0.0,0.0,0.0,0.0,1.0,,,,,,,0.8631,0.1584,,,,,,,,,,,,,,,,
473,4.464,اینجا یه محیط کاریه و,اینجای محیط کاری و,0.6,0.1429,62.7868,0.8,0.0,0.0,0.0,0.0,1.0,,,,,,,0.661,0.1481,,,,,,,,,,,,,,,,
474,5.496,به تولید ایدهها برای انتشار اطلاعات غلط اختصاص دهد,به تورید ایدهها برای اندشار افراد قناعی اختصاص دهر,0.5556,0.24,52.8724,1.0,0.0,0.0,0.0,0.0,1.0,,,,,,,1.301,0.2367,,,,,,,,,,,,,,,,
475,4.428,بردن اسب به مزارع مختلف,بردن اسل به نظاره مختلف,0.4,0.1739,40.8639,1.0,0.0,0.0,0.0,0.0,1.0,,,,,,,0.647,0.1461,,,,,,,,,,,,,,,,
476,9.24,بهصورت بیولوژیکی برای کشتن همجنسگرایان و سیاهپوستان,به صورت بیولوژیکی برای کشتن همجنسگرایان و سیاهپوستان,0.2857,0.0196,100.0,1.1429,0.0,0.0,0.0,0.0,1.0,,,,,,,1.4242,0.1541,,,,,,,,,,,,,,,,
477,8.016,راستش هیچ سالی سابقه نداشته من زودتر از ایام امتحانات درس بخونم.,راستش هیچ سالی سابقه نداشته من زودتر از ایام امتحانات درس بخونم,0.0,0.0,100.0,1.0,0.0,0.0,0.0,0.0,0.0,,,,,,,1.5331,0.1913,,,,,,,,,,,,,,,,
478,3.624,کدوم رو انتخاب میکری؟,کدوم را انتخاب میکردی؟,0.5,0.1,67.1727,1.0,0.0,0.0,0.0,0.0,1.0,,,,,,,0.7023,0.1938,,,,,,,,,,,,,,,,
479,5.184,می توانید من را ساعت شش صبح بیدار کنید؟,می توانید من را ساعت شش صبح بیدار کنید؟,0.0,0.0,100.0,1.0,0.0,0.0,0.0,0.0,1.0,,,,,,,1.0493,0.2024,,,,,,,,,,,,,,,,
480,5.4,رابطهی عشقی آنها موجب شایعات فراوانی در دهکده خواهد شد.,رابطهی عشقی آنها موجب شایعات فراوانی در دهکتی خواهد شده,0.2,0.0556,89.5607,1.0,0.0,0.0,0.0,0.0,0.0,,,,,,,1.5703,0.2908,,,,,,,,,,,,,,,,
481,5.064,من پناهندگی سیاسی نیاز دارم.,من پناهندهی سیاسی نیاز دارم.,0.2,0.037,82.1044,1.0,0.0,0.0,0.0,0.0,1.0,,,,,,,0.821,0.1621,,,,,,,,,,,,,,,,
482,7.296,می خواهد فضا را عوض کند,می خواهد فضا را عوض کند.,0.0,0.0,100.0,1.0,0.0,0.0,0.0,0.0,0.0,,,,,,,0.81,0.111,,,,,,,,,,,,,,,,
483,8.064,اسم من کایلا است,اسه من کایلا است.,0.25,0.0625,74.5892,1.0,0.0,0.0,0.0,0.0,0.0,,,,,,,0.4893,0.0607,,,,,,,,,,,,,,,,
484,3.984,تو هم بزاری اونجا باشه,تا هم بذاری اونجا باشه,0.4,0.0909,67.5164,1.0,0.0,0.0,0.0,0.0,1.0,,,,,,,0.7126,0.1789,,,,,,,,,,,,,,,,
485,5.856,چه محصولات زراعی در این منطقه رشد می کنند؟,چه محصولات زراعی در این منطقه روش لیپنند؟,0.25,0.1,77.7924,1.0,0.0,0.0,0.0,0.0,1.0,,,,,,,1.1479,0.196,,,,,,,,,,,,,,,,
486,3.204,به دوست خود دلداری دادن,به دوست خود دلداری دادن,0.0,0.0,100.0,1.0,0.0,0.0,0.0,0.0,1.0,,,,,,,0.7033,0.2195,,,,,,,,,,,,,,,,
487,6.3,جهانگردان با اعمال خصم آمیزی مواجه شدند.,جهانگردان با اعمال خسمامیزی مواجه شدند.,0.2857,0.0769,82.1002,0.8571,0.0,0.0,0.0,0.0,1.0,,,,,,,1.0819,0.1717,,,,,,,,,,,,,,,,
488,4.272,از سایه خودش ترسید,از سایه خودش ترسید.,0.0,0.0,100.0,1.0,0.0,0.0,0.0,0.0,0.0,,,,,,,0.6813,0.1595,,,,,,,,,,,,,,,,
489,3.744,شما چه توصیه می کنید؟,شما چه توصیح میکنید؟,0.25,0.0526,72.0011,1.0,0.0,0.0,0.0,0.0,1.0,,,,,,,0.6888,0.184,,,,,,,,,,,,,,,,
490,4.704,اینجا رو، تعلیم دیده ست,اینجا رو تعلیم دیده است.,0.25,0.0476,88.6192,1.0,0.0,0.0,0.0,0.0,0.0,,,,,,,0.7882,0.1676,,,,,,,,,,,,,,,,
491,3.348,سبک ادبی پر تصنع,سبک ادبی پر تصنع,0.0,0.0,100.0,1.0,0.0,0.0,0.0,0.0,1.0,,,,,,,0.6119,0.1828,,,,,,,,,,,,,,,,
492,9.024,با سرریز شدن جنگ داخلی سوریه به عراق درگیریها بسیار شدت گرفت,با سرعیس شدن جنگ داخلی سوریه بر آخری در یویدیها بسیار شدت گرفت,0.4167,0.1833,64.4932,1.0833,0.0,0.0,0.0,0.0,1.0,,,,,,,1.7165,0.1902,,,,,,,,,,,,,,,,
493,8.52,برای توضیح بیشتر خوب است عرض کنم که من روز گذشته خواسته بودم او را دستگیر کنم,برای توضیح بیشتر خوب است ارز کنم که من روز گذشته خواسته بودم او را دستگیر کنم,0.0588,0.026,90.7781,1.0,0.0,0.0,0.0,0.0,1.0,,,,,,,1.8958,0.2225,,,,,,,,,,,,,,,,
494,4.224,من باید باهات حرف بزنم,من باید به آد حرف بزنم.,0.4,0.1818,57.9624,1.2,0.0,0.0,0.0,0.0,0.0,,,,,,,0.7224,0.171,,,,,,,,,,,,,,,,
495,5.664,پرچم ایرانو تو دستشون داشتن، میرقصیدن، تشویق ایسلندی میکردن!,پرچم ایرانو تو دستشون داشتن می رخصیدم تشویق اسلندی میکردن,0.2222,0.0526,78.4474,1.0,0.0,0.0,0.0,0.0,0.0,,,,,,,1.4959,0.2641,,,,,,,,,,,,,,,,
496,3.996,او از سختی مفاصل رنج میبرد.,او از سختی مفاصل رنج میبرد.,0.0,0.0,100.0,1.0,0.0,0.0,0.0,0.0,1.0,,,,,,,0.8096,0.2026,,,,,,,,,,,,,,,,
497,6.216,که بر پایه مقایسه نوشته شده است یا مانند رومی ها که,که بر پایهی مقایسه نوشته شده است یا مانند رومیها که,0.1,0.0204,92.6175,1.0,0.0,0.0,0.0,0.0,1.0,,,,,,,1.3279,0.2136,,,,,,,,,,,,,,,,
498,5.784,مجبور بود همه ی آن احساسات را درون خود نگه دارد,مجبور بود همهی آن احساسات را درون خود نگهدارد.,0.2,0.0217,100.0,0.9,0.0,0.0,0.0,0.0,0.0,,,,,,,1.2315,0.2129,,,,,,,,,,,,,,,,
499,4.944,خانواده باید خیلی حواسش باشد چه کتابی برای کودکش انتخاب میکند,خانواده باید خیلی حواسش باشد چه کتابی برای کودکش انتخاب میکند,0.0,0.0,100.0,1.0,0.0,0.0,0.0,0.0,1.0,,,,,,,1.5786,0.3193,,,,,,,,,,,,,,,,
SUMMARY,2517.4,,,0.225,0.0616,85.8763,1.0293,0.0,0.002,0.0001,0.0,0.6684,,,,,,,0.9435,0.1873,0.642,0.2,0.6,1.0,0.358,0.126,0.206,0.2451,0.1747,0.0335,0.017,5.339,3.365,0.2701,0.2334,
